Model,Best Params,MAE,MSE,RMSE,R2,Selected Features,Target Variable,Target Transformation
XGBRegressor,"{'learning_rate': 0.01, 'max_depth': 5, 'n_estimators': 500}",28.467305622778568,2127.816641635299,46.12826293754512,0.1682042511415263,"['RIDAGEMN', 'RIDEXPRG', 'LBDBMNSI', 'LBDBSESI', 'LBDBPBSI', 'LBDBCDSI', 'LBDTHGSI', 'RIAGENDR', 'RHQ160']",LBXSHBG,
XGBRegressor,"{'learning_rate': 0.01, 'max_depth': 5, 'n_estimators': 500}",28.467305622778568,2127.816641635299,46.12826293754512,0.1682042511415263,"['RIDAGEMN', 'RIDEXPRG', 'LBDBMNSI', 'LBDBSESI', 'LBDBPBSI', 'LBDBCDSI', 'LBDTHGSI', 'RIAGENDR', 'RHQ160']",LBXSHBG,
XGBRegressor,"{'learning_rate': 0.01, 'max_depth': 3, 'n_estimators': 500}",61.96787236540125,13616.94554734846,116.69166871438792,0.7433731177641288,"['RIAGENDR', 'RIDAGEMN', 'LBDBMNSI', 'LBDBCDSI', 'LBDBSESI', 'LBDBPBSI', 'LBDTHGSI', 'RHQ160', 'RIDEXPRG']",LBXTST,
XGBRegressor,"{'learning_rate': 0.01, 'max_depth': 3, 'n_estimators': 500}",61.9871790614746,13609.68891677812,116.66057138887209,0.7435098772504856,"['RIAGENDR', 'RIDAGEMN', 'LBDBMNSI', 'LBDBCDSI', 'LBDBSESI', 'LBDBPBSI', 'LBDTHGSI', 'RHQ160', 'RIDEXPRG', 'RHQ542D']",LBXTST,
XGBRegressor,"{'learning_rate': 0.05, 'max_depth': 5, 'n_estimators': 100}",61.67178476232189,13851.791380259849,117.69363355874373,0.7389471799723843,"['RIAGENDR', 'RIDAGEMN', 'LBDBMNSI', 'LBDBCDSI', 'LBDBPBSI', 'LBDTHGSI', 'LBXBSE', 'LBDBSESI', 'RHQ160', 'RIDEXPRG', 'RHQ542D']",LBXTST,
GradientBoostingRegressor,"{'learning_rate': 0.01, 'max_depth': 5, 'n_estimators': 500, 'subsample': 0.8}",62.33783929086616,13939.85525587688,118.06716417309632,0.7372875157137131,"['RIAGENDR', 'RIDAGEMN', 'LBDBMNSI', 'LBDBCDSI', 'LBDBPBSI', 'LBDTHGSI', 'LBXBSE', 'LBDBSESI', 'RHQ160', 'RIDEXPRG', 'RHQ542D']",LBXTST,
RandomForestRegressor,"{'max_depth': 5, 'n_estimators': 100}",60.05258035119238,13375.601467490837,115.6529354036932,0.7479215224371583,"['RIAGENDR', 'RIDAGEMN', 'LBDBMNSI', 'LBDBCDSI', 'LBDBPBSI', 'LBDTHGSI', 'LBXBSE', 'LBDBSESI', 'RHQ160', 'RIDEXPRG', 'RHQ542D']",LBXTST,
GradientBoostingRegressor,"{'learning_rate': 0.05, 'max_depth': 3, 'n_estimators': 100}",62.21338726962999,13673.178498267507,116.93236719688656,0.74231334361558,"['RIAGENDR', 'RIDAGEMN', 'LBDBMNSI', 'LBDBCDSI', 'LBDBPBSI', 'LBDTHGSI', 'LBXBSE', 'LBDBSESI', 'RHQ160', 'RIDEXPRG', 'RHQ542D']",LBXTST,
XGBRegressor,"{'learning_rate': 0.05, 'max_depth': 3, 'n_estimators': 200}",62.699407157199886,13790.621588668051,117.43347729105211,0.740099994518689,"['RIAGENDR', 'RIDAGEMN', 'LBDBMNSI', 'LBDBCDSI', 'LBDBPBSI', 'LBDTHGSI', 'LBXBSE', 'LBDBSESI', 'RHQ160', 'RIDEXPRG', 'RHQ542D']",LBXTST,
LGBMRegressor,"{'learning_rate': 0.05, 'max_depth': -1, 'n_estimators': 200}",65.4074629681758,14991.60582868686,122.44021328259298,0.7174660756226514,"['RIAGENDR', 'RIDAGEMN', 'LBDBMNSI', 'LBDBCDSI', 'LBDBPBSI', 'LBDTHGSI', 'LBXBSE', 'LBDBSESI', 'RHQ160', 'RIDEXPRG', 'RHQ542D']",LBXTST,
CatBoostRegressor,"{'depth': 10, 'iterations': 200, 'learning_rate': 0.05}",62.56831248982282,14134.527929058284,118.8887207814866,0.7336186869737176,"['RIAGENDR', 'RIDAGEMN', 'LBDBMNSI', 'LBDBCDSI', 'LBDBPBSI', 'LBDTHGSI', 'LBXBSE', 'LBDBSESI', 'RHQ160', 'RIDEXPRG', 'RHQ542D']",LBXTST,
RandomForestRegressor,"{'max_depth': 7, 'n_estimators': 500}",60.28066570304529,13425.55786683699,115.86870961064938,0.7469800370675241,"['RIAGENDR', 'RIDAGEMN', 'LBDBMNSI', 'LBDBCDSI', 'LBDBPBSI', 'LBDTHGSI', 'LBXBSE', 'LBDBSESI', 'RHQ160', 'RIDEXPRG', 'RHQ542D']",LBXTST,
GradientBoostingRegressor,"{'learning_rate': 0.05, 'max_depth': 3, 'n_estimators': 100}",62.21338726962999,13673.178498267507,116.93236719688656,0.74231334361558,"['RIAGENDR', 'RIDAGEMN', 'LBDBMNSI', 'LBDBCDSI', 'LBDBPBSI', 'LBDTHGSI', 'LBXBSE', 'LBDBSESI', 'RHQ160', 'RIDEXPRG', 'RHQ542D']",LBXTST,
XGBRegressor,"{'learning_rate': 0.05, 'max_depth': 3, 'n_estimators': 200}",62.699407157199886,13790.621588668051,117.43347729105211,0.740099994518689,"['RIAGENDR', 'RIDAGEMN', 'LBDBMNSI', 'LBDBCDSI', 'LBDBPBSI', 'LBDTHGSI', 'LBXBSE', 'LBDBSESI', 'RHQ160', 'RIDEXPRG', 'RHQ542D']",LBXTST,
LGBMRegressor,"{'learning_rate': 0.05, 'max_depth': 3, 'n_estimators': 200}",63.2405425602233,13799.656455817752,117.47193901446316,0.7399297221341824,"['RIAGENDR', 'RIDAGEMN', 'LBDBMNSI', 'LBDBCDSI', 'LBDBPBSI', 'LBDTHGSI', 'LBXBSE', 'LBDBSESI', 'RHQ160', 'RIDEXPRG', 'RHQ542D']",LBXTST,
CatBoostRegressor,"{'depth': 5, 'iterations': 200, 'learning_rate': 0.05}",61.55641409816368,13608.30463884508,116.65463830832051,0.7435359655482516,"['RIAGENDR', 'RIDAGEMN', 'LBDBMNSI', 'LBDBCDSI', 'LBDBPBSI', 'LBDTHGSI', 'LBXBSE', 'LBDBSESI', 'RHQ160', 'RIDEXPRG', 'RHQ542D']",LBXTST,
XGBRegressor,"{'learning_rate': 0.05, 'max_depth': 7, 'n_estimators': 50}",36.99331529879922,35807.27372510953,189.228099723877,0.6692950607570263,"['RIDEXPRG', 'LBDBSESI', 'LBDTHGSI', 'LBDBCDSI', 'LBDBPBSI', 'RIDAGEMN', 'RHQ160', 'LBDBMNSI', 'RHQ542D', 'RIAGENDR']",LBXEST,
RandomForestRegressor,"{'max_depth': 10, 'n_estimators': 100}",43.28106191457301,69414.80609445968,263.4668975307139,0.3589062544034586,"['RIDEXPRG', 'LBDBSESI', 'LBDTHGSI', 'LBDBCDSI', 'LBDBPBSI', 'RIDAGEMN', 'RHQ160', 'LBDBMNSI', 'RHQ542D', 'RIAGENDR']",LBXEST,
GradientBoostingRegressor,"{'learning_rate': 0.05, 'max_depth': 7, 'n_estimators': 100}",47.09485943927245,113399.03471058798,336.74773155967654,-0.0473185189153115,"['RIDEXPRG', 'LBDBSESI', 'LBDTHGSI', 'LBDBCDSI', 'LBDBPBSI', 'RIDAGEMN', 'RHQ160', 'LBDBMNSI', 'RHQ542D', 'RIAGENDR']",LBXEST,
XGBRegressor,"{'learning_rate': 0.001, 'max_depth': 7, 'n_estimators': 1000}",40.67404437710616,42110.391941641166,205.20816733658816,0.6110814044244678,"['RIDEXPRG', 'LBDBSESI', 'LBDTHGSI', 'LBDBCDSI', 'LBDBPBSI', 'RIDAGEMN', 'RHQ160', 'LBDBMNSI', 'RHQ542D', 'RIAGENDR']",LBXEST,
LGBMRegressor,"{'learning_rate': 0.05, 'max_depth': 3, 'n_estimators': 200}",62.765689721570695,116227.7553406764,340.9219197128228,-0.073443710441768,"['RIDEXPRG', 'LBDBSESI', 'LBDTHGSI', 'LBDBCDSI', 'LBDBPBSI', 'RIDAGEMN', 'RHQ160', 'LBDBMNSI', 'RHQ542D', 'RIAGENDR']",LBXEST,
CatBoostRegressor,"{'depth': 10, 'iterations': 500, 'learning_rate': 0.05}",45.50732689132423,82411.39405311419,287.0738477345405,0.2388737754097047,"['RIDEXPRG', 'LBDBSESI', 'LBDTHGSI', 'LBDBCDSI', 'LBDBPBSI', 'RIDAGEMN', 'RHQ160', 'LBDBMNSI', 'RHQ542D', 'RIAGENDR']",LBXEST,
XGBRegressor,"{'learning_rate': 0.05, 'max_depth': 7, 'n_estimators': 50}",34.94996964839409,31253.89198622872,176.7877031533266,0.7113486904990387,"['RIDEXPRG', 'LBDBSESI', 'LBDTHGSI', 'LBDBCDSI', 'LBDBPBSI', 'RIDAGEMN', 'RHQ160', 'LBDBMNSI', 'RIAGENDR']",LBXEST,
RandomForestRegressor,"{'max_depth': 10, 'n_estimators': 100}",44.073704765532206,73996.65242806148,272.02325714552694,0.3165897344414298,"['RIDEXPRG', 'LBDBSESI', 'LBDTHGSI', 'LBDBCDSI', 'LBDBPBSI', 'RIDAGEMN', 'RHQ160', 'LBDBMNSI', 'RIAGENDR']",LBXEST,
GradientBoostingRegressor,"{'learning_rate': 0.05, 'max_depth': 5, 'n_estimators': 100}",47.46964614987518,108664.1000750713,329.6423820977383,-0.003588122600332,"['RIDEXPRG', 'LBDBSESI', 'LBDTHGSI', 'LBDBCDSI', 'LBDBPBSI', 'RIDAGEMN', 'RHQ160', 'LBDBMNSI', 'RIAGENDR']",LBXEST,
XGBRegressor,"{'learning_rate': 0.1, 'max_depth': 7, 'n_estimators': 10}",37.936579917588254,32215.356446640897,179.48636841454254,0.7024689012024321,"['RIDEXPRG', 'LBDBSESI', 'LBDTHGSI', 'LBDBCDSI', 'LBDBPBSI', 'RIDAGEMN', 'RHQ160', 'LBDBMNSI', 'RIAGENDR']",LBXEST,
LGBMRegressor,"{'learning_rate': 0.05, 'max_depth': 5, 'n_estimators': 200}",65.50080310318454,118427.47978854548,344.13293912170843,-0.0937596871751127,"['RIDEXPRG', 'LBDBSESI', 'LBDTHGSI', 'LBDBCDSI', 'LBDBPBSI', 'RIDAGEMN', 'RHQ160', 'LBDBMNSI', 'RIAGENDR']",LBXEST,
CatBoostRegressor,"{'depth': 10, 'iterations': 500, 'learning_rate': 0.05}",43.179898152246,75713.32146530981,275.16053762360224,0.3007351085343644,"['RIDEXPRG', 'LBDBSESI', 'LBDTHGSI', 'LBDBCDSI', 'LBDBPBSI', 'RIDAGEMN', 'RHQ160', 'LBDBMNSI', 'RIAGENDR']",LBXEST,
XGBRegressor,"{'learning_rate': 0.1, 'max_depth': 7, 'n_estimators': 20}",34.7920212424048,29588.91531780228,172.01428812108102,0.7267259016265872,"['RIDEXPRG', 'LBDBSESI', 'LBDTHGSI', 'LBDBCDSI', 'LBDBPBSI', 'RIDAGEMN', 'RHQ160', 'LBDBMNSI', 'RIAGENDR']",LBXEST,
XGBRegressor,"{'learning_rate': 0.05, 'max_depth': 7, 'n_estimators': 30}",36.25569411148109,34476.26031154675,185.67784011978048,0.6815878902375123,"['RIDEXPRG', 'LBDBSESI', 'LBDTHGSI', 'LBDBCDSI', 'LBDBPBSI', 'RIDAGEMN', 'RHQ160', 'LBDBMNSI', 'RIAGENDR']",LBXEST,
XGBRegressor,"{'learning_rate': 0.1, 'max_depth': 7, 'n_estimators': 20}",34.7920212424048,29588.91531780228,172.01428812108102,0.7267259016265872,"['RIDEXPRG', 'LBDBSESI', 'LBDTHGSI', 'LBDBCDSI', 'LBDBPBSI', 'RIDAGEMN', 'RHQ160', 'LBDBMNSI', 'RIAGENDR']",LBXEST,
XGBRegressor,"{'learning_rate': 0.1, 'max_depth': 7, 'n_estimators': 20}",34.7920212424048,29588.91531780228,172.01428812108102,0.7267259016265872,"['RIDEXPRG', 'LBDBSESI', 'LBDTHGSI', 'LBDBCDSI', 'LBDBPBSI', 'RIDAGEMN', 'RHQ160', 'LBDBMNSI', 'RIAGENDR']",LBXEST,
XGBRegressor,"{'learning_rate': 0.1, 'max_depth': 7, 'n_estimators': 20}",34.7920212424048,29588.91531780228,172.01428812108102,0.7267259016265872,"['RIDEXPRG', 'LBDBSESI', 'LBDTHGSI', 'LBDBCDSI', 'LBDBPBSI', 'RIDAGEMN', 'RHQ160', 'LBDBMNSI', 'RIAGENDR']",LBXEST,
XGBRegressor,"{'learning_rate': 0.01, 'max_depth': 3, 'n_estimators': 500}",61.96787236540125,13616.94554734846,116.69166871438792,0.7433731177641288,"['RIAGENDR', 'RIDAGEMN', 'LBDBMNSI', 'LBDBCDSI', 'LBDBSESI', 'LBDBPBSI', 'LBDTHGSI', 'RHQ160', 'RIDEXPRG']",LBXTST,
XGBRegressor,"{'learning_rate': 0.01, 'max_depth': 3, 'n_estimators': 500}",61.92956712064067,13599.084939744116,116.6151145424302,0.7437097213018609,"['RIAGENDR', 'RIDAGEMN', 'LBDBMNSI', 'LBDBCDSI', 'LBDBSESI', 'LBDBPBSI', 'LBDTHGSI', 'RIDEXPRG', 'RHQ160', 'RHQ131']",LBXTST,
XGBRegressor,"{'learning_rate': 0.01, 'max_depth': 3, 'n_estimators': 500}",61.92956712064067,13599.084939744116,116.6151145424302,0.7437097213018609,"['RIAGENDR', 'RIDAGEMN', 'LBDBMNSI', 'LBDBCDSI', 'LBDBSESI', 'LBDBPBSI', 'LBDTHGSI', 'RIDEXPRG', 'RHQ160', 'RHQ131']",LBXTST,
XGBRegressor,"{'learning_rate': 0.1, 'max_depth': 3, 'n_estimators': 50}",61.87272496536046,13587.14814857339,116.5639230146849,0.7439346837570159,"['RIDAGEMN', 'RIDEXPRG', 'RIAGENDR', 'LBDBMNSI', 'LBDBCDSI', 'LBDBSESI', 'LBDBPBSI', 'LBDTHGSI', 'RHQ131', 'RHQ160']",LBXTST,
RandomForestRegressor,"{'max_depth': 10, 'n_estimators': 200}",40.88206782418356,6252.302276771547,79.07150104033404,0.8821682267506344,"['LBXEST', 'RIDEXPRG', 'RIAGENDR', 'LBXSHBG', 'RIDAGEMN', 'RIDAGEYR', 'DMDHRAGE', 'SEQN', 'LBDBPBSI', 'LBXBPB', 'SDMVSTRA', 'LBXBMN', 'INDFMPIR', 'LBDBCDSI', 'LBDBMNSI', 'LBXBSE', 'LBXBCD', 'WTMEC2YR', 'WTINT2YR', 'WTSH2YR', 'LBDBSESI', 'DMDYRSUS', 'LBDTHGSI', 'LBXTHG', 'RIDEXAGM', 'INDFMIN2', 'INDHHIN2', 'COMBINED_EDUC', 'LBDESTLC', 'DMDFMSIZ', 'DMDHHSIZ', 'DMDHREDU', 'DMDMARTL', 'DMDHRMAR', 'RIDRETH1', 'RIDRETH3', 'DMDHSEDU', 'DMDHRBR4', 'DMDHHSZB', 'DMDEDUC2', 'AIALANGA', 'RIDEXMON', 'DMDHHSZE', 'DMDHHSZA', 'SDMVPSU', 'DMQADFC', 'DMQMILIZ', 'DMDEDUC3', 'DMDHRGND', 'DMDCITZN', 'DMDBORN4', 'SIALANG', 'MIALANG', 'FIALANG', 'LBDBCDLC', 'LBDTHGLC', 'SIAPROXY', 'MIAINTRP', 'FIAINTRP', 'MIAPROXY']",LBXTST,
RandomForestRegressor,"{'max_depth': 10, 'n_estimators': 200}",40.88206782418356,6252.302276771547,79.07150104033404,0.8821682267506344,"['LBXEST', 'RIDEXPRG', 'RIAGENDR', 'LBXSHBG', 'RIDAGEMN', 'RIDAGEYR', 'DMDHRAGE', 'SEQN', 'LBDBPBSI', 'LBXBPB', 'SDMVSTRA', 'LBXBMN', 'INDFMPIR', 'LBDBCDSI', 'LBDBMNSI', 'LBXBSE', 'LBXBCD', 'WTMEC2YR', 'WTINT2YR', 'WTSH2YR', 'LBDBSESI', 'DMDYRSUS', 'LBDTHGSI', 'LBXTHG', 'RIDEXAGM', 'INDFMIN2', 'INDHHIN2', 'COMBINED_EDUC', 'LBDESTLC', 'DMDFMSIZ', 'DMDHHSIZ', 'DMDHREDU', 'DMDMARTL', 'DMDHRMAR', 'RIDRETH1', 'RIDRETH3', 'DMDHSEDU', 'DMDHRBR4', 'DMDHHSZB', 'DMDEDUC2', 'AIALANGA', 'RIDEXMON', 'DMDHHSZE', 'DMDHHSZA', 'SDMVPSU', 'DMQADFC', 'DMQMILIZ', 'DMDEDUC3', 'DMDHRGND', 'DMDCITZN', 'DMDBORN4', 'SIALANG', 'MIALANG', 'FIALANG', 'LBDBCDLC', 'LBDTHGLC', 'SIAPROXY', 'MIAINTRP', 'FIAINTRP', 'MIAPROXY']",LBXTST,
XGBRegressor,"{'learning_rate': 0.05, 'max_depth': 3, 'n_estimators': 100}",61.97726298968775,13627.794382472955,116.73814450501152,0.743168659082539,"['RIDAGEMN', 'RIDEXPRG', 'RIAGENDR', 'LBDBMNSI', 'LBDBCDSI', 'LBDBSESI', 'LBDBPBSI', 'LBDTHGSI', 'RHQ131', 'RHQ160']",LBXTST,
XGBRegressor,"{'learning_rate': 0.1, 'max_depth': 3, 'n_estimators': 50}",61.87272496536046,13587.14814857339,116.5639230146849,0.7439346837570159,"['RIDAGEMN', 'RIDEXPRG', 'RIAGENDR', 'LBDBMNSI', 'LBDBCDSI', 'LBDBSESI', 'LBDBPBSI', 'LBDTHGSI', 'RHQ131', 'RHQ160']",LBXTST,
XGBRegressor,"{'learning_rate': 0.1, 'max_depth': 3, 'n_estimators': 100}",28.918489720192053,2121.609644345187,46.06093403682981,0.1706306603809632,"['RIDEXPRG', 'RIDAGEMN', 'LBDBMNSI', 'LBDBSESI', 'LBDBPBSI', 'LBDTHGSI', 'LBDBCDSI', 'RIAGENDR', 'RHQ160', 'RHQ131']",LBXSHBG,
XGBRegressor,"{'learning_rate': 0.05, 'max_depth': 5, 'n_estimators': 50}",58.76934039932871,203153.3620098025,450.7253731595355,-0.8762618108327398,"['RIDEXPRG', 'LBDBSESI', 'LBDBCDSI', 'RIDAGEMN', 'RHQ160', 'LBDBPBSI', 'LBDTHGSI', 'LBDBMNSI', 'RHQ131', 'RIAGENDR']",LBXEST,
XGBRegressor,"{'learning_rate': 0.05, 'max_depth': 5, 'n_estimators': 50}",58.76934039932871,203153.3620098025,450.7253731595355,-0.8762618108327398,"['RIDEXPRG', 'LBDBSESI', 'LBDBCDSI', 'RIDAGEMN', 'RHQ160', 'LBDBPBSI', 'LBDTHGSI', 'LBDBMNSI', 'RHQ131', 'RIAGENDR']",LBXEST,
XGBRegressor,"{'learning_rate': 0.05, 'max_depth': 5, 'n_estimators': 50}",59.01693415218504,205620.5969103414,453.4540736506195,-0.8990484316222664,"['RIDEXPRG', 'LBDBCDSI', 'LBDBSESI', 'RIDAGEMN', 'RHQ160', 'LBDBPBSI', 'LBDTHGSI', 'LBDBMNSI', 'RIAGENDR']",LBXEST,
XGBRegressor,"{'learning_rate': 0.05, 'max_depth': 5, 'n_estimators': 50}",58.08399100538076,191208.35100392165,437.2737712279592,-0.7659413723295874,"['RIDEXPRG', 'RIDAGEMN', 'LBDBCDSI', 'LBDBSESI', 'RHQ160', 'LBDBPBSI', 'LBDTHGSI', 'LBDBMNSI', 'RIAGENDR']",LBXEST,
XGBRegressor,"{'learning_rate': 0.05, 'max_depth': 5, 'n_estimators': 50}",58.08399100538076,191208.35100392165,437.2737712279592,-0.7659413723295874,"['RIDEXPRG', 'RIDAGEMN', 'LBDBCDSI', 'LBDBSESI', 'RHQ160', 'LBDBPBSI', 'LBDTHGSI', 'LBDBMNSI', 'RIAGENDR']",LBXEST,
XGBRegressor,"{'learning_rate': 0.05, 'max_depth': 5, 'n_estimators': 50}",58.08399100538076,191208.35100392165,437.2737712279592,-0.7659413723295874,"['RIDEXPRG', 'RIDAGEMN', 'LBDBCDSI', 'LBDBSESI', 'RHQ160', 'LBDBPBSI', 'LBDTHGSI', 'LBDBMNSI', 'RIAGENDR']",LBXEST,
XGBRegressor,"{'learning_rate': 0.05, 'max_depth': 7, 'n_estimators': 50}",38.631975332405766,69419.46769786948,263.475744040831,0.3588632012717333,"['RIDEXPRG', 'LBDBCDSI', 'LBDBSESI', 'LBDTHGSI', 'LBDBPBSI', 'RIDAGEMN', 'LBDBMNSI', 'RHQ160', 'RIAGENDR']",LBXEST,
XGBRegressor,"{'learning_rate': 0.05, 'max_depth': 7, 'n_estimators': 50}",42.11211559034451,84884.57991087432,291.3495836806264,0.2160321934142117,"['RIDEXPRG', 'LBDTHGSI', 'LBDBCDSI', 'LBDBSESI', 'LBDBPBSI', 'RIDAGEMN', 'LBDBMNSI', 'RHQ160', 'RIAGENDR', 'RHQ131']",LBXEST,
RandomForestRegressor,"{'max_depth': 10, 'n_estimators': 100}",45.26624579285245,77996.43064163825,279.2784106257379,0.2796490161599732,"['RIDEXPRG', 'LBDTHGSI', 'LBDBCDSI', 'LBDBSESI', 'LBDBPBSI', 'RIDAGEMN', 'LBDBMNSI', 'RHQ160', 'RIAGENDR', 'RHQ131']",LBXEST,
GradientBoostingRegressor,"{'learning_rate': 0.05, 'max_depth': 7, 'n_estimators': 100}",43.546334639761255,113716.2450992309,337.2183937735765,-0.0502481762555697,"['RIDEXPRG', 'LBDTHGSI', 'LBDBCDSI', 'LBDBSESI', 'LBDBPBSI', 'RIDAGEMN', 'LBDBMNSI', 'RHQ160', 'RIAGENDR', 'RHQ131']",LBXEST,
XGBRegressor,"{'learning_rate': 0.05, 'max_depth': 7, 'n_estimators': 50}",42.11211559034451,84884.57991087432,291.3495836806264,0.2160321934142117,"['RIDEXPRG', 'LBDTHGSI', 'LBDBCDSI', 'LBDBSESI', 'LBDBPBSI', 'RIDAGEMN', 'LBDBMNSI', 'RHQ160', 'RIAGENDR', 'RHQ131']",LBXEST,
LGBMRegressor,"{'learning_rate': 0.05, 'max_depth': 3, 'n_estimators': 200}",53.70220565335257,86078.36457986785,293.3911460488674,0.2050067663051981,"['RIDEXPRG', 'LBDTHGSI', 'LBDBCDSI', 'LBDBSESI', 'LBDBPBSI', 'RIDAGEMN', 'LBDBMNSI', 'RHQ160', 'RIAGENDR', 'RHQ131']",LBXEST,
CatBoostRegressor,"{'depth': 10, 'iterations': 200, 'learning_rate': 0.05}",41.8849512644421,80557.65182773974,283.8267989949852,0.2559943670168982,"['RIDEXPRG', 'LBDTHGSI', 'LBDBCDSI', 'LBDBSESI', 'LBDBPBSI', 'RIDAGEMN', 'LBDBMNSI', 'RHQ160', 'RIAGENDR', 'RHQ131']",LBXEST,
XGBRegressor,"{'learning_rate': 0.05, 'max_depth': 5, 'n_estimators': 50}",58.08399100538076,191208.35100392165,437.2737712279592,-0.7659413723295874,"['RIDEXPRG', 'RIDAGEMN', 'LBDBCDSI', 'LBDBSESI', 'RHQ160', 'LBDBPBSI', 'LBDTHGSI', 'LBDBMNSI', 'RIAGENDR']",LBXEST,
XGBRegressor,"{'learning_rate': 0.05, 'max_depth': 3, 'n_estimators': 100}",61.94306003516927,13638.506981734836,116.78401852023605,0.7429667679212901,"['RIDAGEMN', 'RIDEXPRG', 'RIAGENDR', 'LBDBMNSI', 'LBDBCDSI', 'LBDBSESI', 'LBDBPBSI', 'LBDTHGSI', 'RHQ160']",LBXTST,
XGBRegressor,"{'learning_rate': 0.05, 'max_depth': 5, 'n_estimators': 50}",58.27024720736443,198535.46130991456,445.5731828890901,-0.8336123038607632,"['RIDEXPRG', 'LBDBSESI', 'RIDAGEMN', 'LBDBCDSI', 'LBDBPBSI', 'RHQ160', 'LBDTHGSI', 'LBDBMNSI', 'RIAGENDR']",LBXEST,
RandomForestRegressor,"{'max_depth': 10, 'n_estimators': 200}",51.60159507127783,120937.73108777996,347.76102583207904,-0.1169435941592347,"['RIDEXPRG', 'LBDBSESI', 'RIDAGEMN', 'LBDBCDSI', 'LBDBPBSI', 'RHQ160', 'LBDTHGSI', 'LBDBMNSI', 'RIAGENDR']",LBXEST,
GradientBoostingRegressor,"{'learning_rate': 0.05, 'max_depth': 5, 'n_estimators': 100}",57.21423090036349,175036.80286680558,418.3739987939088,-0.6165859401007567,"['RIDEXPRG', 'LBDBSESI', 'RIDAGEMN', 'LBDBCDSI', 'LBDBPBSI', 'RHQ160', 'LBDTHGSI', 'LBDBMNSI', 'RIAGENDR']",LBXEST,
XGBRegressor,"{'learning_rate': 0.05, 'max_depth': 5, 'n_estimators': 50}",58.27024720736443,198535.46130991456,445.5731828890901,-0.8336123038607632,"['RIDEXPRG', 'LBDBSESI', 'RIDAGEMN', 'LBDBCDSI', 'LBDBPBSI', 'RHQ160', 'LBDTHGSI', 'LBDBMNSI', 'RIAGENDR']",LBXEST,
LGBMRegressor,"{'learning_rate': 0.05, 'max_depth': 3, 'n_estimators': 200}",56.329523320728846,95042.7177306539,308.28998966987865,0.1222147646900516,"['RIDEXPRG', 'LBDBSESI', 'RIDAGEMN', 'LBDBCDSI', 'LBDBPBSI', 'RHQ160', 'LBDTHGSI', 'LBDBMNSI', 'RIAGENDR']",LBXEST,
CatBoostRegressor,"{'depth': 10, 'iterations': 200, 'learning_rate': 0.05}",45.40851678520988,102685.21056202694,320.4453316277629,0.0516310574001062,"['RIDEXPRG', 'LBDBSESI', 'RIDAGEMN', 'LBDBCDSI', 'LBDBPBSI', 'RHQ160', 'LBDTHGSI', 'LBDBMNSI', 'RIAGENDR']",LBXEST,
XGBRegressor,"{'learning_rate': 0.1, 'max_depth': 5, 'n_estimators': 20}",56.29921062180092,176920.40527729617,420.6190738391403,-0.6339823111705372,"['RIDEXPRG', 'LBDBSESI', 'RIDAGEMN', 'LBDBCDSI', 'LBDBPBSI', 'RHQ160', 'LBDTHGSI', 'LBDBMNSI', 'RIAGENDR']",LBXEST,
XGBRegressor,"{'learning_rate': 0.1, 'max_depth': 5, 'n_estimators': 20}",56.29921062180092,176920.40527729617,420.6190738391403,-0.6339823111705372,"['RIDEXPRG', 'LBDBSESI', 'LBDBCDSI', 'RIDAGEMN', 'LBDBPBSI', 'RHQ160', 'LBDTHGSI', 'LBDBMNSI', 'RIAGENDR']",LBXEST,
XGBRegressor,"{'learning_rate': 0.1, 'max_depth': 5, 'n_estimators': 20}",56.29921062180092,176920.40527729617,420.6190738391403,-0.6339823111705372,"['RIDEXPRG', 'LBDBSESI', 'LBDBCDSI', 'RIDAGEMN', 'LBDBPBSI', 'RHQ160', 'LBDTHGSI', 'LBDBMNSI', 'RIAGENDR']",LBXEST,
XGBRegressor,"{'learning_rate': 0.1, 'max_depth': 7, 'n_estimators': 20}",35.357547443953635,29614.337882222568,172.08816891995383,0.7264911066604429,"['RIDEXPRG', 'LBDBSESI', 'LBDTHGSI', 'LBDBCDSI', 'LBDBPBSI', 'RIDAGEMN', 'RHQ160', 'LBDBMNSI', 'RIAGENDR']",LBXEST,
XGBRegressor,"{'learning_rate': 0.1, 'max_depth': 3, 'n_estimators': 100}",28.456461891522867,2134.266119494559,46.19811813802115,0.1656830525754854,"['RIDEXPRG', 'RIDAGEMN', 'LBDBMNSI', 'LBDBSESI', 'LBDBPBSI', 'LBDBCDSI', 'LBDTHGSI', 'RHQ160', 'RIAGENDR']",LBXSHBG,
XGBRegressor,"{'learning_rate': 0.1, 'max_depth': 3, 'n_estimators': 100}",28.456461891522867,2134.266119494559,46.19811813802115,0.1656830525754854,"['RIDEXPRG', 'RIDAGEMN', 'LBDBMNSI', 'LBDBSESI', 'LBDBPBSI', 'LBDBCDSI', 'LBDTHGSI', 'RHQ160', 'RIAGENDR']",LBXSHBG,
XGBRegressor,"{'learning_rate': 0.05, 'max_depth': 5, 'n_estimators': 20}",47.517263718891606,97426.64317904312,312.1324128940202,0.100197564312786,"['RIDEXPRG', 'LBDBSESI', 'LBDBCDSI', 'RHQ160', 'RIDAGEMN', 'LBDTHGSI', 'LBDBPBSI', 'LBDBMNSI', 'RIAGENDR']",LBXEST,
XGBRegressor,"{'learning_rate': 0.1, 'max_depth': 7, 'n_estimators': 20}",35.357547443953635,29614.337882222568,172.08816891995383,0.7264911066604429,"['RIDEXPRG', 'LBDBSESI', 'LBDTHGSI', 'LBDBCDSI', 'LBDBPBSI', 'RIDAGEMN', 'RHQ160', 'LBDBMNSI', 'RIAGENDR']",LBXEST,
XGBRegressor,"{'learning_rate': 0.1, 'max_depth': 7, 'n_estimators': 20}",35.357547443953635,29614.337882222568,172.08816891995383,0.7264911066604429,"['RIDEXPRG', 'LBDBSESI', 'LBDTHGSI', 'LBDBCDSI', 'LBDBPBSI', 'RIDAGEMN', 'RHQ160', 'LBDBMNSI', 'RIAGENDR']",LBXEST,
RandomForestRegressor,"{'max_depth': 10, 'n_estimators': 100}",42.885573683271325,73354.42375044769,270.8402181184465,0.3225211604818722,"['RIDEXPRG', 'LBDBSESI', 'LBDTHGSI', 'LBDBCDSI', 'LBDBPBSI', 'RIDAGEMN', 'RHQ160', 'LBDBMNSI', 'RIAGENDR']",LBXEST,
GradientBoostingRegressor,"{'learning_rate': 0.05, 'max_depth': 3, 'n_estimators': 100}",46.60992181663504,90629.99586468676,301.04816203505834,0.1629693032171633,"['RIDEXPRG', 'LBDBSESI', 'LBDTHGSI', 'LBDBCDSI', 'LBDBPBSI', 'RIDAGEMN', 'RHQ160', 'LBDBMNSI', 'RIAGENDR']",LBXEST,
XGBRegressor,"{'learning_rate': 0.05, 'max_depth': 7, 'n_estimators': 50}",34.74144459275307,31169.8634578195,176.54988943021036,0.7121247520779117,"['RIDEXPRG', 'LBDBSESI', 'LBDTHGSI', 'LBDBCDSI', 'LBDBPBSI', 'RIDAGEMN', 'RHQ160', 'LBDBMNSI', 'RIAGENDR']",LBXEST,
LGBMRegressor,"{'learning_rate': 0.05, 'max_depth': 3, 'n_estimators': 200}",61.52415754498152,114437.94734347488,338.2867826910695,-0.0569135956523794,"['RIDEXPRG', 'LBDBSESI', 'LBDTHGSI', 'LBDBCDSI', 'LBDBPBSI', 'RIDAGEMN', 'RHQ160', 'LBDBMNSI', 'RIAGENDR']",LBXEST,
CatBoostRegressor,"{'depth': 10, 'iterations': 500, 'learning_rate': 0.05}",43.87745261027486,71023.77943539007,266.50286946933625,0.3440462727404921,"['RIDEXPRG', 'LBDBSESI', 'LBDTHGSI', 'LBDBCDSI', 'LBDBPBSI', 'RIDAGEMN', 'RHQ160', 'LBDBMNSI', 'RIAGENDR']",LBXEST,
XGBRegressor,"{'learning_rate': 0.01, 'max_depth': 5, 'n_estimators': 500}",55.54305981236469,199966.58241942248,447.1762319482359,-0.8468296971536031,"['RIDEXPRG', 'BMXHT', 'LBDBSESI', 'LBDBCDSI', 'RHQ160', 'RIDAGEMN', 'LBDTHGSI', 'LBDBPBSI', 'BMXWT', 'LBDBMNSI', 'RHQ131', 'RIAGENDR']",LBXEST,
XGBRegressor,"{'learning_rate': 0.1, 'max_depth': 7, 'n_estimators': 20}",35.357547443953635,29614.337882222568,172.08816891995383,0.7264911066604429,"['RIDEXPRG', 'LBDBSESI', 'LBDTHGSI', 'LBDBCDSI', 'LBDBPBSI', 'RIDAGEMN', 'RHQ160', 'LBDBMNSI', 'RIAGENDR']",LBXEST,
XGBRegressor,"{'learning_rate': 0.01, 'max_depth': 5, 'n_estimators': 500}",55.54305981236469,199966.58241942248,447.1762319482359,-0.8468296971536031,"['RIDEXPRG', 'BMXHT', 'LBDBSESI', 'LBDBCDSI', 'RHQ160', 'RIDAGEMN', 'LBDTHGSI', 'LBDBPBSI', 'BMXWT', 'LBDBMNSI', 'RHQ131', 'RIAGENDR']",LBXEST,
XGBRegressor,"{'learning_rate': 0.05, 'max_depth': 5, 'n_estimators': 50}",42.244368117308966,97426.88962671287,312.13280767441427,0.100195288198098,"['RIDEXPRG', 'BMXHT', 'LBDBSESI', 'LBDTHGSI', 'LBDBCDSI', 'RHQ160', 'RIDAGEMN', 'LBDBPBSI', 'LBDBMNSI', 'BMXWT', 'RIAGENDR', 'RHQ131']",LBXEST,
XGBRegressor,"{'learning_rate': 0.1, 'max_depth': 5, 'n_estimators': 20}",41.24816645586549,71197.96222304748,266.8294628092023,0.3424375742215367,"['RIDEXPRG', 'LBDBSESI', 'RHQ160', 'LBDTHGSI', 'LBDBCDSI', 'LBDBPBSI', 'RIDAGEMN', 'LBDBMNSI', 'RHQ131', 'RIAGENDR']",LBXEST,
XGBRegressor,"{'learning_rate': 0.1, 'max_depth': 5, 'n_estimators': 20}",41.24816645586549,71197.96222304748,266.8294628092023,0.3424375742215367,"['RIDEXPRG', 'LBDBSESI', 'RHQ160', 'LBDBCDSI', 'LBDBPBSI', 'LBDTHGSI', 'RIDAGEMN', 'LBDBMNSI', 'RIAGENDR']",LBXEST,
XGBRegressor,"{'learning_rate': 0.1, 'max_depth': 5, 'n_estimators': 20}",41.24816645586549,71197.96222304748,266.8294628092023,0.3424375742215367,"['RIDEXPRG', 'LBDBSESI', 'RHQ160', 'LBDBCDSI', 'LBDBPBSI', 'LBDTHGSI', 'RIDAGEMN', 'LBDBMNSI', 'RIAGENDR']",LBXEST,
XGBRegressor,"{'learning_rate': 0.1, 'max_depth': 5, 'n_estimators': 20}",41.24816645586549,71197.96222304748,266.8294628092023,0.3424375742215367,"['RIDEXPRG', 'LBDBSESI', 'RHQ160', 'LBDBCDSI', 'LBDTHGSI', 'LBDBPBSI', 'RIDAGEMN', 'LBDBMNSI', 'RIAGENDR']",LBXEST,
XGBRegressor,"{'learning_rate': 0.1, 'max_depth': 5, 'n_estimators': 20}",41.24816645586549,71197.96222304748,266.8294628092023,0.3424375742215367,"['RIDEXPRG', 'LBDBSESI', 'RHQ160', 'LBDBCDSI', 'LBDTHGSI', 'LBDBPBSI', 'RIDAGEMN', 'LBDBMNSI', 'RIAGENDR']",LBXEST,
XGBRegressor,"{'learning_rate': 0.1, 'max_depth': 7, 'n_estimators': 20}",35.357547443953635,29614.337882222568,172.08816891995383,0.7264911066604429,"['RIDEXPRG', 'LBDBSESI', 'LBDTHGSI', 'LBDBCDSI', 'LBDBPBSI', 'RIDAGEMN', 'RHQ160', 'LBDBMNSI', 'RIAGENDR']",LBXEST,
XGBRegressor,"{'learning_rate': 0.1, 'max_depth': 5, 'n_estimators': 20}",41.24816645586549,71197.96222304748,266.8294628092023,0.3424375742215367,"['RIDEXPRG', 'LBDBSESI', 'RHQ160', 'LBDBCDSI', 'LBDTHGSI', 'LBDBPBSI', 'RIDAGEMN', 'LBDBMNSI', 'RIAGENDR']",LBXEST,
XGBRegressor,"{'learning_rate': 0.1, 'max_depth': 7, 'n_estimators': 20}",35.139431874618154,29584.296883116243,172.00086303014947,0.7267685560652907,"['RIDEXPRG', 'LBDBSESI', 'LBDTHGSI', 'LBDBCDSI', 'LBDBPBSI', 'RIDAGEMN', 'RHQ160', 'LBDBMNSI', 'RIAGENDR']",LBXEST,
XGBRegressor,"{'learning_rate': 0.01, 'max_depth': 3, 'n_estimators': 500}",45.25749209441648,79471.32700775341,281.9065927000527,0.2660273280948534,"['RIDEXPRG', 'BMXHT', 'LBDBSESI', 'LBDTHGSI', 'RIDAGEMN', 'LBDBCDSI', 'RHQ160', 'LBDBPBSI', 'LBDBMNSI', 'BMXWT', 'RIAGENDR']",LBXEST,
XGBRegressor,"{'learning_rate': 0.01, 'max_depth': 5, 'n_estimators': 500}",39.95469710194524,92395.16257197571,303.9657259823477,0.1466667677834653,"['RIDEXPRG', 'BMXHT', 'LBDBSESI', 'LBDTHGSI', 'RIDAGEMN', 'RHQ160', 'LBDBCDSI', 'LBDBPBSI', 'LBDBMNSI', 'RIAGENDR']",LBXEST,
XGBRegressor,"{'learning_rate': 0.1, 'max_depth': 7, 'n_estimators': 20}",35.139431874618154,29584.296883116243,172.00086303014947,0.7267685560652907,"['RIDEXPRG', 'LBDBSESI', 'LBDTHGSI', 'LBDBCDSI', 'LBDBPBSI', 'RIDAGEMN', 'RHQ160', 'LBDBMNSI', 'RIAGENDR']",LBXEST,
XGBRegressor,"{'learning_rate': 0.1, 'max_depth': 7, 'n_estimators': 20}",35.29269841163147,29624.19203887566,172.1167976662233,0.7264000967080441,"['RIDEXPRG', 'LBDBSESI', 'LBDTHGSI', 'LBDBCDSI', 'LBDBPBSI', 'RHQ160', 'RIDAGEMN', 'LBDBMNSI', 'RHQ305', 'RHQ291', 'RIAGENDR']",LBXEST,
XGBRegressor,"{'learning_rate': 0.1, 'max_depth': 7, 'n_estimators': 20}",35.292826974445966,29625.006465854927,172.11916356366285,0.7263925749115856,"['RIDEXPRG', 'LBDBSESI', 'LBDTHGSI', 'LBDBCDSI', 'LBDBPBSI', 'RHQ160', 'RIDAGEMN', 'LBDBMNSI', 'RHQ305', 'RHQ291', 'RHQ540', 'RIAGENDR']",LBXEST,
XGBRegressor,"{'learning_rate': 0.01, 'max_depth': 5, 'n_estimators': 500}",39.95469710194524,92395.16257197571,303.9657259823477,0.1466667677834653,"['RIDEXPRG', 'BMXHT', 'LBDBSESI', 'LBDTHGSI', 'RIDAGEMN', 'RHQ160', 'LBDBCDSI', 'LBDBPBSI', 'LBDBMNSI', 'RIAGENDR']",LBXEST,
XGBRegressor,"{'learning_rate': 0.1, 'max_depth': 7, 'n_estimators': 20}",35.139431874618154,29584.296883116243,172.00086303014947,0.7267685560652907,"['RIDEXPRG', 'LBDBSESI', 'LBDTHGSI', 'LBDBCDSI', 'LBDBPBSI', 'RIDAGEMN', 'RHQ160', 'LBDBMNSI', 'RIAGENDR']",LBXEST,
XGBRegressor,"{'learning_rate': 0.1, 'max_depth': 7, 'n_estimators': 20}",35.357547443953635,29614.337882222568,172.08816891995383,0.7264911066604429,"['RIDEXPRG', 'LBDBSESI', 'LBDTHGSI', 'LBDBCDSI', 'LBDBPBSI', 'RIDAGEMN', 'RHQ160', 'LBDBMNSI', 'RIAGENDR']",LBXEST,
XGBRegressor,"{'learning_rate': 0.1, 'max_depth': 7, 'n_estimators': 20}",35.292826974445966,29625.006465854927,172.11916356366285,0.7263925749115856,"['RIDEXPRG', 'LBDBSESI', 'LBDTHGSI', 'LBDBCDSI', 'LBDBPBSI', 'RHQ160', 'RIDAGEMN', 'LBDBMNSI', 'RHQ305', 'RHQ291', 'RHQ540', 'RIAGENDR']",LBXEST,
RandomForestRegressor,"{'max_depth': 10, 'n_estimators': 100}",42.534025264116,71267.46180395667,266.9596632526282,0.341795697521891,"['RIDEXPRG', 'LBDBSESI', 'LBDTHGSI', 'LBDBCDSI', 'LBDBPBSI', 'RHQ160', 'RIDAGEMN', 'LBDBMNSI', 'RHQ305', 'RHQ291', 'RHQ540', 'RIAGENDR']",LBXEST,
GradientBoostingRegressor,"{'learning_rate': 0.05, 'max_depth': 5, 'n_estimators': 100}",46.44221637080052,116486.2686478304,341.30084771038935,-0.075831259636163,"['RIDEXPRG', 'LBDBSESI', 'LBDTHGSI', 'LBDBCDSI', 'LBDBPBSI', 'RHQ160', 'RIDAGEMN', 'LBDBMNSI', 'RHQ305', 'RHQ291', 'RHQ540', 'RIAGENDR']",LBXEST,
XGBRegressor,"{'learning_rate': 0.05, 'max_depth': 7, 'n_estimators': 50}",34.94863793332706,31192.21470176552,176.61317816563272,0.7119183228806508,"['RIDEXPRG', 'LBDBSESI', 'LBDTHGSI', 'LBDBCDSI', 'LBDBPBSI', 'RHQ160', 'RIDAGEMN', 'LBDBMNSI', 'RHQ305', 'RHQ291', 'RHQ540', 'RIAGENDR']",LBXEST,
LGBMRegressor,"{'learning_rate': 0.05, 'max_depth': 3, 'n_estimators': 200}",61.51584620210515,115497.18599287736,339.8487692972822,-0.0666963972106229,"['RIDEXPRG', 'LBDBSESI', 'LBDTHGSI', 'LBDBCDSI', 'LBDBPBSI', 'RHQ160', 'RIDAGEMN', 'LBDBMNSI', 'RHQ305', 'RHQ291', 'RHQ540', 'RIAGENDR']",LBXEST,
CatBoostRegressor,"{'depth': 10, 'iterations': 500, 'learning_rate': 0.05}",43.65867873904722,85489.25055207468,292.3854485983779,0.2104476418173683,"['RIDEXPRG', 'LBDBSESI', 'LBDTHGSI', 'LBDBCDSI', 'LBDBPBSI', 'RHQ160', 'RIDAGEMN', 'LBDBMNSI', 'RHQ305', 'RHQ291', 'RHQ540', 'RIAGENDR']",LBXEST,
XGBRegressor,"{'learning_rate': 0.1, 'max_depth': 7, 'n_estimators': 20}",35.357547443953635,29614.337882222568,172.08816891995383,0.7264911066604429,"['RIDEXPRG', 'LBDBSESI', 'LBDTHGSI', 'LBDBCDSI', 'LBDBPBSI', 'RIDAGEMN', 'RHQ160', 'LBDBMNSI', 'RIAGENDR']",LBXEST,
XGBRegressor,"{'learning_rate': 0.1, 'max_depth': 7, 'n_estimators': 20}",35.357547443953635,29614.337882222568,172.08816891995383,0.7264911066604429,"['RIDEXPRG', 'LBDBSESI', 'LBDTHGSI', 'LBDBCDSI', 'LBDBPBSI', 'RIDAGEMN', 'RHQ160', 'LBDBMNSI', 'RIAGENDR']",LBXEST,
XGBRegressor,"{'learning_rate': 0.1, 'max_depth': 7, 'n_estimators': 20}",35.357547443953635,29614.337882222568,172.08816891995383,0.7264911066604429,"['RIDEXPRG', 'LBDBSESI', 'LBDTHGSI', 'LBDBCDSI', 'LBDBPBSI', 'RIDAGEMN', 'RHQ160', 'LBDBMNSI', 'RIAGENDR']",LBXEST,
RandomForestRegressor,"{'max_depth': 10, 'n_estimators': 100}",42.885573683271325,73354.42375044769,270.8402181184465,0.3225211604818722,"['RIDEXPRG', 'LBDBSESI', 'LBDTHGSI', 'LBDBCDSI', 'LBDBPBSI', 'RIDAGEMN', 'RHQ160', 'LBDBMNSI', 'RIAGENDR']",LBXEST,
GradientBoostingRegressor,"{'learning_rate': 0.05, 'max_depth': 3, 'n_estimators': 100}",46.60992181663504,90629.99586468676,301.04816203505834,0.1629693032171633,"['RIDEXPRG', 'LBDBSESI', 'LBDTHGSI', 'LBDBCDSI', 'LBDBPBSI', 'RIDAGEMN', 'RHQ160', 'LBDBMNSI', 'RIAGENDR']",LBXEST,
XGBRegressor,"{'learning_rate': 0.05, 'max_depth': 7, 'n_estimators': 50}",34.74144459275307,31169.8634578195,176.54988943021036,0.7121247520779117,"['RIDEXPRG', 'LBDBSESI', 'LBDTHGSI', 'LBDBCDSI', 'LBDBPBSI', 'RIDAGEMN', 'RHQ160', 'LBDBMNSI', 'RIAGENDR']",LBXEST,
LGBMRegressor,"{'learning_rate': 0.05, 'max_depth': 3, 'n_estimators': 200}",61.52415754498152,114437.94734347488,338.2867826910695,-0.0569135956523794,"['RIDEXPRG', 'LBDBSESI', 'LBDTHGSI', 'LBDBCDSI', 'LBDBPBSI', 'RIDAGEMN', 'RHQ160', 'LBDBMNSI', 'RIAGENDR']",LBXEST,
CatBoostRegressor,"{'depth': 10, 'iterations': 500, 'learning_rate': 0.05}",43.87745261027486,71023.77943539007,266.50286946933625,0.3440462727404921,"['RIDEXPRG', 'LBDBSESI', 'LBDTHGSI', 'LBDBCDSI', 'LBDBPBSI', 'RIDAGEMN', 'RHQ160', 'LBDBMNSI', 'RIAGENDR']",LBXEST,
XGBRegressor,"{'learning_rate': 0.01, 'max_depth': 3, 'n_estimators': 1000}",46.21832465619994,76249.4559735141,276.1330403510491,0.2957835355293124,"['RIDEXPRG', 'RHQ160', 'RIAGENDR']",LBXEST,
XGBRegressor,"{'learning_rate': 0.05, 'max_depth': 3, 'n_estimators': 100}",22.45034641864329,2375.9324890478165,48.74353792091642,0.3218707959249203,"['RIDEXPRG', 'LBDBMNSI', 'RIDAGEMN', 'LBDBSESI', 'LBDBCDSI', 'LBDBPBSI', 'LBDTHGSI', 'RHQ160', 'RIAGENDR']",LBXEST,
XGBRegressor,"{'learning_rate': 0.01, 'max_depth': 3, 'n_estimators': 500}",64.03211501667228,14314.514688719251,119.64328100114628,0.7227820104193383,"['RIDAGEMN', 'RIAGENDR', 'RIDEXPRG', 'LBDBMNSI', 'LBDBSESI', 'LBDBPBSI', 'LBDBCDSI', 'LBDTHGSI', 'RHQ160']",LBXTST,
XGBRegressor,"{'learning_rate': 0.01, 'max_depth': 3, 'n_estimators': 1000}",27.41287528031966,1599.6645016760892,39.99580605108602,0.3313621729470193,"['RIDAGEMN', 'LBDBMNSI', 'RIDEXPRG', 'LBDBSESI', 'LBDBPBSI', 'LBDBCDSI', 'LBDTHGSI', 'RIAGENDR', 'RHQ160']",LBXSHBG,
XGBRegressor,"{'learning_rate': 0.05, 'max_depth': 3, 'n_estimators': 100}",22.46357263155808,2392.449596302753,48.912673166601245,0.3171565488459126,"['RIDEXPRG', 'LBDBMNSI', 'RIDAGEMN', 'LBDBSESI', 'LBDBCDSI', 'LBDBPBSI', 'LBDTHGSI', 'RHQ160', 'RIAGENDR', 'RHQ540', 'RHQ291', 'RHQ305']",LBXEST,
XGBRegressor,"{'learning_rate': 0.01, 'max_depth': 3, 'n_estimators': 500}",64.03211501667228,14314.514688719251,119.64328100114628,0.7227820104193383,"['RIDAGEMN', 'RIAGENDR', 'RIDEXPRG', 'LBDBMNSI', 'LBDBSESI', 'LBDBPBSI', 'LBDBCDSI', 'LBDTHGSI', 'RHQ160', 'RHQ131']",LBXTST,
XGBRegressor,"{'learning_rate': 0.05, 'max_depth': 3, 'n_estimators': 100}",22.450210174493435,2375.929707106592,48.74350938439488,0.3218715899355233,"['RIDEXPRG', 'LBDBMNSI', 'LBDBSESI', 'RIDAGEMN', 'LBDBCDSI', 'LBDBPBSI', 'LBDTHGSI', 'RHQ160', 'RIAGENDR', 'RHQ131']",LBXEST,
XGBRegressor,"{'learning_rate': 0.05, 'max_depth': 3, 'n_estimators': 100}",22.34473735726101,2639.202715000802,51.37317115967051,0.2964081194618576,"['RIDEXPRG', 'LBDBMNSI', 'RIDAGEMN', 'LBDBSESI', 'LBDTHGSI', 'LBDBPBSI', 'LBDBCDSI', 'RHQ160', 'RHQ131', 'RIAGENDR']",LBXEST,
XGBRegressor,"{'learning_rate': 0.01, 'max_depth': 3, 'n_estimators': 500}",64.03211501667228,14314.514688719251,119.64328100114628,0.7227820104193383,"['RIDAGEMN', 'RIAGENDR', 'RIDEXPRG', 'LBDBMNSI', 'LBDBSESI', 'LBDBPBSI', 'LBDBCDSI', 'LBDTHGSI', 'RHQ160']",LBXTST,
XGBRegressor,"{'learning_rate': 0.05, 'max_depth': 3, 'n_estimators': 100}",27.48745511431124,1543.2816173444087,39.28462316663365,0.2415732863755414,"['RIDAGEMN', 'LBDBMNSI', 'LBDBPBSI', 'LBDBSESI', 'RIDEXPRG', 'LBDTHGSI', 'LBDBCDSI', 'RHQ160', 'RIAGENDR']",LBXSHBG,
XGBRegressor,"{'learning_rate': 0.01, 'max_depth': 5, 'n_estimators': 500}",22.26404991547832,2647.4712601658603,51.4535835502821,0.2942037866120424,"['RIDEXPRG', 'LBDBMNSI', 'RIDAGEMN', 'LBDTHGSI', 'LBDBSESI', 'LBDBPBSI', 'LBDBCDSI', 'INDFMPIR', 'INDHHIN2', 'RHQ160', 'RIAGENDR', 'RHQ542D', 'RHQ131', 'RHQ291', 'RHQ540', 'RHQ305']",LBXEST,
XGBRegressor,"{'learning_rate': 0.1, 'max_depth': 7, 'n_estimators': 20}",35.357547443953635,29614.337882222568,172.08816891995383,0.7264911066604429,"['RIDEXPRG', 'LBDBSESI', 'LBDTHGSI', 'LBDBCDSI', 'LBDBPBSI', 'RIDAGEMN', 'RHQ160', 'LBDBMNSI', 'RIAGENDR']",LBXEST,
XGBRegressor,"{'learning_rate': 0.1, 'max_depth': 7, 'n_estimators': 20}",35.357547443953635,29614.337882222568,172.08816891995383,0.7264911066604429,"['RIDEXPRG', 'LBDBSESI', 'LBDTHGSI', 'LBDBCDSI', 'LBDBPBSI', 'RIDAGEMN', 'RHQ160', 'LBDBMNSI', 'RIAGENDR']",LBXEST,
XGBRegressor,"{'learning_rate': 0.05, 'max_depth': 3, 'n_estimators': 100}",22.22057746755885,2617.2841154461744,51.15939909191833,0.3022514556299164,"['RIDEXPRG', 'LBDBMNSI', 'LBDBSESI', 'RIDAGEMN', 'LBDTHGSI', 'LBDBPBSI', 'LBDBCDSI', 'RHQ160', 'RHQ131', 'RIAGENDR']",LBXEST,
XGBRegressor,"{'learning_rate': 0.01, 'max_depth': 3, 'n_estimators': 500}",64.06906962588484,14316.140917056246,119.65007696218272,0.7227505165293961,"['RIAGENDR', 'RIDAGEMN', 'RIDEXPRG', 'LBDBMNSI', 'LBDBSESI', 'LBDBPBSI', 'LBDBCDSI', 'LBDTHGSI', 'RHQ160']",LBXTST,
XGBRegressor,"{'learning_rate': 0.05, 'max_depth': 3, 'n_estimators': 100}",27.40659074545513,1520.0900179787789,38.98833181836303,0.2529705118027684,"['RIDAGEMN', 'LBDBMNSI', 'LBDBPBSI', 'LBDBSESI', 'RIDEXPRG', 'LBDTHGSI', 'LBDBCDSI', 'RHQ160', 'RIAGENDR']",LBXSHBG,
XGBRegressor,"{'learning_rate': 0.05, 'max_depth': 3, 'n_estimators': 100}",27.40659074545513,1520.0900179787789,38.98833181836303,0.2529705118027684,"['RIDAGEMN', 'LBDBMNSI', 'LBDBPBSI', 'LBDBSESI', 'RIDEXPRG', 'LBDTHGSI', 'LBDBCDSI', 'RHQ160', 'RIAGENDR']",LBXSHBG,
XGBRegressor,"{'learning_rate': 0.05, 'max_depth': 3, 'n_estimators': 100}",0.3830678136612709,0.7741451498533335,0.8798551868650508,0.2954299322748696,"['RIDEXPRG', 'LBDBMNSI', 'RIDAGEMN', 'LBDTHGSI', 'LBDBSESI', 'LBDBPBSI', 'LBDBCDSI', 'RHQ160', 'RIAGENDR']",LBXEST,StandardScaler()
XGBRegressor,"{'learning_rate': 0.05, 'max_depth': 3, 'n_estimators': 100}",0.3830678136612709,0.7741451498533335,0.8798551868650508,0.2954299322748696,"['RIDEXPRG', 'LBDBMNSI', 'RIDAGEMN', 'LBDTHGSI', 'LBDBSESI', 'LBDBPBSI', 'LBDBCDSI', 'RHQ160', 'RIAGENDR']",LBXEST,StandardScaler()
XGBRegressor,"{'learning_rate': 0.1, 'max_depth': 5, 'n_estimators': 20}",41.24816645586549,71197.96222304748,266.8294628092023,0.3424375742215367,"['RIDEXPRG', 'LBDBSESI', 'RHQ160', 'LBDBCDSI', 'LBDTHGSI', 'LBDBPBSI', 'RIDAGEMN', 'LBDBMNSI', 'RIAGENDR']",LBXEST,
XGBRegressor,"{'learning_rate': 0.1, 'max_depth': 5, 'n_estimators': 20}",41.24816645586549,71197.96222304748,266.8294628092023,0.3424375742215367,"['RIDEXPRG', 'LBDBSESI', 'RHQ160', 'LBDBCDSI', 'LBDTHGSI', 'LBDBPBSI', 'RIDAGEMN', 'LBDBMNSI', 'RIAGENDR']",LBXEST,
XGBRegressor,"{'learning_rate': 0.01, 'max_depth': 3, 'n_estimators': 500}",22.36040047925895,2655.385157888048,51.53042943628597,0.2920940001416466,"['RIDEXPRG', 'LBDBMNSI', 'LBDBSESI', 'LBDTHGSI', 'RIDAGEMN', 'LBDBPBSI', 'LBDBCDSI', 'RHQ160', 'RIAGENDR', 'RHQ131']",LBXEST,
XGBRegressor,"{'learning_rate': 0.05, 'max_depth': 3, 'n_estimators': 100}",64.0548931245442,14317.416343939272,119.65540666405036,0.7227258163363364,"['RIDAGEMN', 'RIAGENDR', 'RIDEXPRG', 'LBDBMNSI', 'LBDBSESI', 'LBDBPBSI', 'LBDBCDSI', 'LBDTHGSI', 'RHQ160']",LBXTST,
XGBRegressor,"{'learning_rate': 0.05, 'max_depth': 3, 'n_estimators': 100}",27.356428213726165,1514.2827582259151,38.91378622321292,0.2558244179726007,"['RIDAGEMN', 'LBDBMNSI', 'LBDBSESI', 'LBDBPBSI', 'RIDEXPRG', 'LBDTHGSI', 'LBDBCDSI', 'RHQ160', 'RIAGENDR']",LBXSHBG,
XGBRegressor,"{'learning_rate': 0.01, 'max_depth': 3, 'n_estimators': 500}",22.36040047925895,2655.385157888048,51.53042943628597,0.2920940001416466,"['RIDEXPRG', 'LBDBMNSI', 'LBDBSESI', 'RIDAGEMN', 'LBDTHGSI', 'LBDBCDSI', 'LBDBPBSI', 'RHQ160', 'RIAGENDR']",LBXEST,
XGBRegressor,"{'learning_rate': 0.05, 'max_depth': 3, 'n_estimators': 100}",64.0548931245442,14317.416343939272,119.65540666405036,0.7227258163363364,"['RIDAGEMN', 'RIAGENDR', 'RIDEXPRG', 'LBDBMNSI', 'LBDBSESI', 'LBDBPBSI', 'LBDBCDSI', 'LBDTHGSI', 'RHQ160']",LBXTST,
XGBRegressor,"{'learning_rate': 0.05, 'max_depth': 3, 'n_estimators': 100}",27.356428213726165,1514.2827582259151,38.91378622321292,0.2558244179726007,"['RIDAGEMN', 'LBDBMNSI', 'LBDBSESI', 'LBDBPBSI', 'RIDEXPRG', 'LBDTHGSI', 'LBDBCDSI', 'RHQ160', 'RIAGENDR']",LBXSHBG,
XGBRegressor,"{'learning_rate': 0.05, 'max_depth': 3, 'n_estimators': 100}",64.0548931245442,14317.416343939272,119.65540666405036,0.7227258163363364,"['RIDAGEMN', 'RIAGENDR', 'RIDEXPRG', 'LBDBMNSI', 'LBDBPBSI', 'LBDBSESI', 'LBDBCDSI', 'LBDTHGSI', 'RHQ160', 'RHQ542D']",LBXTST,
XGBRegressor,"{'learning_rate': 0.01, 'max_depth': 5, 'n_estimators': 500}",39.95469710194524,92395.16257197571,303.9657259823477,0.1466667677834653,"['RIDEXPRG', 'BMXHT', 'LBDBSESI', 'LBDTHGSI', 'RIDAGEMN', 'RHQ160', 'LBDBCDSI', 'LBDBPBSI', 'LBDBMNSI', 'RIAGENDR']",LBXEST,
XGBRegressor,"{'learning_rate': 0.05, 'max_depth': 3, 'n_estimators': 100}",22.23997056810523,2636.132388289972,51.34327987468245,0.2972266458039461,"['RIDEXPRG', 'LBDBMNSI', 'BMXHT', 'LBDBSESI', 'LBDBCDSI', 'LBDBPBSI', 'LBDTHGSI', 'RIDAGEMN', 'RHQ160', 'RIAGENDR']",LBXEST,
XGBRegressor,"{'learning_rate': 0.05, 'max_depth': 3, 'n_estimators': 100}",63.37857801397544,14302.627957123394,119.59359496696884,0.7230122114360926,"['RIDAGEMN', 'RIAGENDR', 'RIDEXPRG', 'BMXHT', 'LBDBMNSI', 'LBDBPBSI', 'LBDBSESI', 'LBDBCDSI', 'LBDTHGSI', 'RHQ160']",LBXTST,
XGBRegressor,"{'learning_rate': 0.01, 'max_depth': 3, 'n_estimators': 1000}",27.03430468678171,1479.9150777277584,38.469664382832335,0.2727139906093592,"['BMXHT', 'LBDBMNSI', 'RIDEXPRG', 'LBDBSESI', 'LBDBPBSI', 'RIDAGEMN', 'LBDTHGSI', 'LBDBCDSI', 'RIAGENDR', 'RHQ160']",LBXSHBG,
XGBRegressor,"{'learning_rate': 0.01, 'max_depth': 3, 'n_estimators': 500}",22.39921749706174,2655.649645573243,51.53299569764253,0.2920234896853076,"['RIDEXPRG', 'LBDBMNSI', 'RIDAGEMN', 'LBDTHGSI', 'LBDBSESI', 'LBDBPBSI', 'BMXBMI', 'LBDBCDSI', 'RHQ160', 'RIAGENDR']",LBXEST,
XGBRegressor,"{'learning_rate': 0.01, 'max_depth': 5, 'n_estimators': 500}",60.733254403589406,12695.594041589413,112.67472672072212,0.7541343780578749,"['RIDAGEMN', 'RIAGENDR', 'RIDEXPRG', 'BMXBMI', 'LBDBMNSI', 'LBDBSESI', 'LBDBCDSI', 'LBDBPBSI', 'LBDTHGSI', 'RHQ160', 'BMDSADCM']",LBXTST,
XGBRegressor,"{'learning_rate': 0.05, 'max_depth': 5, 'n_estimators': 100}",23.869631964122973,1274.338172308789,35.69787349841428,0.3737422248743955,"['BMXBMI', 'RIDAGEMN', 'RIDEXPRG', 'LBDBMNSI', 'LBDBPBSI', 'LBDBSESI', 'LBDTHGSI', 'LBDBCDSI', 'RHQ160', 'RIAGENDR', 'BMDSADCM']",LBXSHBG,
XGBRegressor,"{'learning_rate': 0.01, 'max_depth': 3, 'n_estimators': 500}",22.39921749706174,2655.649645573243,51.53299569764253,0.2920234896853076,"['RIDEXPRG', 'LBDBMNSI', 'RIDAGEMN', 'LBDBSESI', 'LBDTHGSI', 'LBDBPBSI', 'BMXBMI', 'LBDBCDSI', 'RHQ160', 'RIAGENDR', 'BMDSADCM']",LBXEST,
XGBRegressor,"{'learning_rate': 0.01, 'max_depth': 5, 'n_estimators': 500}",60.733254403589406,12695.594041589413,112.67472672072212,0.7541343780578749,"['RIDAGEMN', 'RIAGENDR', 'RIDEXPRG', 'BMXBMI', 'LBDBMNSI', 'LBDBSESI', 'LBDBCDSI', 'LBDBPBSI', 'LBDTHGSI', 'RHQ160', 'BMDSADCM']",LBXTST,
XGBRegressor,"{'learning_rate': 0.05, 'max_depth': 5, 'n_estimators': 100}",23.869631964122973,1274.338172308789,35.69787349841428,0.3737422248743955,"['BMXBMI', 'RIDAGEMN', 'RIDEXPRG', 'LBDBMNSI', 'LBDBPBSI', 'LBDBSESI', 'LBDTHGSI', 'LBDBCDSI', 'RHQ160', 'RIAGENDR', 'BMDSADCM']",LBXSHBG,
XGBRegressor,"{'learning_rate': 0.01, 'max_depth': 3, 'n_estimators': 500}",22.39921749706174,2655.649645573243,51.53299569764253,0.2920234896853076,"['RIDEXPRG', 'LBDBMNSI', 'RIDAGEMN', 'LBDBSESI', 'LBDTHGSI', 'LBDBPBSI', 'BMXBMI', 'LBDBCDSI', 'RHQ160', 'RIAGENDR', 'BMDSADCM']",LBXEST,
XGBRegressor,"{'learning_rate': 0.05, 'max_depth': 5, 'n_estimators': 100}",23.869631964122973,1274.338172308789,35.69787349841428,0.3737422248743955,"['BMXBMI', 'RIDAGEMN', 'RIDEXPRG', 'LBDBMNSI', 'LBDBPBSI', 'LBDBSESI', 'LBDTHGSI', 'LBDBCDSI', 'RHQ160', 'RIAGENDR', 'BMDSADCM']",LBXSHBG,
XGBRegressor,"{'learning_rate': 0.01, 'max_depth': 5, 'n_estimators': 500}",60.733254403589406,12695.594041589413,112.67472672072212,0.7541343780578749,"['RIDAGEMN', 'RIAGENDR', 'RIDEXPRG', 'BMXBMI', 'LBDBMNSI', 'LBDBSESI', 'LBDBCDSI', 'LBDBPBSI', 'LBDTHGSI', 'RHQ160', 'BMDSADCM']",LBXTST,
XGBRegressor,"{'learning_rate': 0.05, 'max_depth': 3, 'n_estimators': 100}",25.352354698707497,2875.4572038069496,53.62328975181352,0.23342442399963,"['RIDEXPRG', 'LBDBMNSI', 'BMXBMI', 'LBDBCDSI', 'LBDBSESI', 'LBDBPBSI', 'LBDTHGSI', 'RHQ160', 'RIAGENDR', 'BMDSADCM']",LBXEST,
XGBRegressor,"{'learning_rate': 0.05, 'max_depth': 5, 'n_estimators': 100}",79.38945081503914,18426.89757227586,135.74570922233917,0.6431407134451628,"['RIAGENDR', 'BMXBMI', 'RIDEXPRG', 'LBDBCDSI', 'LBDBMNSI', 'LBDBSESI', 'LBDBPBSI', 'LBDTHGSI', 'RHQ160', 'BMDSADCM']",LBXTST,
XGBRegressor,"{'learning_rate': 0.05, 'max_depth': 3, 'n_estimators': 100}",25.47693694427723,1384.0622761369048,37.20298746252651,0.3198196675546608,"['BMXBMI', 'LBDBMNSI', 'LBDBPBSI', 'LBDBSESI', 'RIDEXPRG', 'LBDBCDSI', 'LBDTHGSI', 'RHQ160', 'RIAGENDR', 'BMDSADCM']",LBXSHBG,
XGBRegressor,"{'learning_rate': 0.05, 'max_depth': 3, 'n_estimators': 100}",25.352354698707497,2875.4572038069496,53.62328975181352,0.23342442399963,"['RIDEXPRG', 'LBDBMNSI', 'BMXBMI', 'LBDBCDSI', 'LBDBSESI', 'LBDBPBSI', 'LBDTHGSI', 'RHQ160', 'RIAGENDR', 'BMDSADCM']",LBXEST,
XGBRegressor,"{'learning_rate': 0.05, 'max_depth': 5, 'n_estimators': 100}",79.38945081503914,18426.89757227586,135.74570922233917,0.6431407134451628,"['RIAGENDR', 'BMXBMI', 'RIDEXPRG', 'LBDBCDSI', 'LBDBMNSI', 'LBDBSESI', 'LBDBPBSI', 'LBDTHGSI', 'RHQ160', 'BMDSADCM']",LBXTST,
XGBRegressor,"{'learning_rate': 0.05, 'max_depth': 3, 'n_estimators': 100}",25.47693694427723,1384.0622761369048,37.20298746252651,0.3198196675546608,"['BMXBMI', 'LBDBMNSI', 'LBDBPBSI', 'LBDBSESI', 'RIDEXPRG', 'LBDBCDSI', 'LBDTHGSI', 'RHQ160', 'RIAGENDR', 'BMDSADCM']",LBXSHBG,
XGBRegressor,"{'learning_rate': 0.05, 'max_depth': 3, 'n_estimators': 100}",22.30098425931305,2651.4007656664767,51.49175434636575,0.2931562095733219,"['RIDEXPRG', 'LBDBMNSI', 'RIDAGEMN', 'LBDTHGSI', 'LBDBSESI', 'LBDBCDSI', 'BMXBMI', 'LBDBPBSI', 'RHQ160', 'RIAGENDR', 'BMDSADCM']",LBXEST,
XGBRegressor,"{'learning_rate': 0.01, 'max_depth': 5, 'n_estimators': 500}",60.69928242795471,12679.961972832503,112.60533723066816,0.7544371120847009,"['RIDAGEMN', 'RIAGENDR', 'RIDEXPRG', 'BMXBMI', 'LBDBMNSI', 'LBDBSESI', 'LBDBCDSI', 'LBDBPBSI', 'LBDTHGSI', 'RHQ160', 'BMDSADCM']",LBXTST,
XGBRegressor,"{'learning_rate': 0.05, 'max_depth': 5, 'n_estimators': 100}",24.073504509573983,1265.961476896843,35.5803523998406,0.3778588485034955,"['BMXBMI', 'RIDAGEMN', 'LBDBMNSI', 'RIDEXPRG', 'LBDBPBSI', 'LBDBSESI', 'LBDTHGSI', 'LBDBCDSI', 'RHQ160', 'RIAGENDR', 'BMDSADCM']",LBXSHBG,
XGBRegressor,"{'learning_rate': 0.05, 'max_depth': 3, 'n_estimators': 100}",22.30098425931305,2651.4007656664767,51.49175434636575,0.2931562095733219,"['RIDEXPRG', 'LBDBMNSI', 'RIDAGEMN', 'LBDTHGSI', 'LBDBSESI', 'LBDBCDSI', 'BMXBMI', 'LBDBPBSI', 'RHQ160', 'RIAGENDR', 'BMDSADCM']",LBXEST,
XGBRegressor,"{'learning_rate': 0.01, 'max_depth': 3, 'n_estimators': 500}",22.367207277411737,2654.7925140995944,51.52467868992096,0.2922519945826333,"['RIDEXPRG', 'LBDBMNSI', 'RIDAGEMN', 'LBDBSESI', 'BMXBMI', 'LBDTHGSI', 'LBDBCDSI', 'LBDBPBSI', 'RHQ160', 'RHQ420', 'RHQ540', 'RIAGENDR', 'BMDSADCM']",LBXEST,
XGBRegressor,"{'learning_rate': 0.05, 'max_depth': 3, 'n_estimators': 100}",22.33511984915079,2618.203315646188,51.16838199167712,0.3020064036702308,"['RIDEXPRG', 'LBDBMNSI', 'RIDAGEMN', 'LBDBSESI', 'BMXBMI', 'LBDTHGSI', 'LBDBCDSI', 'LBDBPBSI', 'RHQ160', 'RHQ420', 'RHD280', 'RHQ540', 'RIAGENDR', 'RHQ200', 'BMDSADCM']",LBXEST,
XGBRegressor,"{'learning_rate': 0.01, 'max_depth': 3, 'n_estimators': 500}",22.30354914692335,2619.861510166409,51.18458273900852,0.3015643413026266,"['RIDEXPRG', 'LBDBMNSI', 'RIDAGEMN', 'LBDBSESI', 'BMXBMI', 'LBDBPBSI', 'LBDBCDSI', 'LBDTHGSI', 'RHQ160', 'RHQ420', 'RHQ074', 'RHQ540', 'RHQ200', 'RHD280', 'RIAGENDR', 'BMDSADCM']",LBXEST,
XGBRegressor,"{'learning_rate': 0.01, 'max_depth': 3, 'n_estimators': 500}",21.7141189823323,2523.009773231154,50.22957070522457,0.3273842964490583,"['RIDEXPRG', 'LBDBMNSI', 'RIDAGEMN', 'LBDBSESI', 'BMXBMI', 'LBDBCDSI', 'LBDTHGSI', 'LBDBPBSI', 'RHQ031', 'RHQ160', 'RHQ074', 'RHQ200', 'RHD280', 'RIAGENDR', 'BMDSADCM']",LBXEST,
XGBRegressor,"{'learning_rate': 0.05, 'max_depth': 3, 'n_estimators': 100}",21.662269033604115,2514.3688177111253,50.14348230539165,0.32968791113899,"['RIDEXPRG', 'LBDBMNSI', 'RIDAGEMN', 'LBDBSESI', 'BMXBMI', 'LBDBCDSI', 'LBDTHGSI', 'LBDBPBSI', 'RHQ031', 'RHQ160', 'RHQ074', 'RHD280', 'RHQ200', 'is_menopausal', 'RIAGENDR', 'BMDSADCM']",LBXEST,
XGBRegressor,"{'learning_rate': 0.01, 'max_depth': 3, 'n_estimators': 500}",21.5662843020596,2493.741704722242,49.937377831863,0.3351869465618589,"['RIDEXPRG', 'LBDBMNSI', 'RIDAGEMN', 'LBDBSESI', 'BMXBMI', 'LBDBCDSI', 'LBDTHGSI', 'LBDBPBSI', 'RHQ031', 'RHQ160', 'is_menopausal', 'RHQ200', 'RIAGENDR', 'BMDSADCM']",LBXEST,
XGBRegressor,"{'learning_rate': 0.05, 'max_depth': 3, 'n_estimators': 100}",21.565989728934685,2492.240458886245,49.92234428476136,0.3355871675736424,"['RIDEXPRG', 'LBDBMNSI', 'RIDAGEMN', 'BMXBMI', 'LBDBSESI', 'LBDBCDSI', 'LBDTHGSI', 'LBDBPBSI', 'RHQ031', 'RHQ160', 'menopause_age', 'RHQ200', 'is_menopausal', 'RIAGENDR', 'BMDSADCM']",LBXEST,
XGBRegressor,"{'learning_rate': 0.01, 'max_depth': 5, 'n_estimators': 500}",21.42734940191525,2560.3280045652155,50.5996838385895,0.3174355325994873,"['RIDEXPRG', 'LBDBMNSI', 'RIDAGEMN', 'BMXBMI', 'LBDBSESI', 'LBDBCDSI', 'LBDTHGSI', 'LBDBPBSI', 'RHQ031', 'RHQ160', 'any_hormone_use', 'is_menopausal', 'RHQ200', 'RIAGENDR', 'BMDSADCM']",LBXEST,
XGBRegressor,"{'learning_rate': 0.01, 'max_depth': 3, 'n_estimators': 500}",21.5662843020596,2493.741704722242,49.937377831863,0.3351869465618589,"['RIDEXPRG', 'LBDBMNSI', 'RIDAGEMN', 'LBDBSESI', 'BMXBMI', 'LBDBCDSI', 'LBDTHGSI', 'LBDBPBSI', 'RHQ031', 'RHQ160', 'is_menopausal', 'RHQ200', 'RIAGENDR', 'BMDSADCM']",LBXEST,
XGBRegressor,"{'learning_rate': 0.01, 'max_depth': 3, 'n_estimators': 500}",21.54236899270764,2519.25220180349,50.192152791083686,0.3283860371384034,"['RIDEXPRG', 'LBDBMNSI', 'RIDAGEMN', 'LBDBSESI', 'BMXBMI', 'LBDBCDSI', 'LBDTHGSI', 'LBDBPBSI', 'RHQ031', 'RHQ160', 'is_menopausal', 'RIAGENDR', 'BMDSADCM']",LBXEST,
XGBRegressor,"{'learning_rate': 0.05, 'max_depth': 3, 'n_estimators': 100}",27.356428213726165,1514.2827582259151,38.91378622321292,0.2558244179726007,"['RIDAGEMN', 'LBDBMNSI', 'LBDBSESI', 'LBDBPBSI', 'RIDEXPRG', 'LBDTHGSI', 'LBDBCDSI', 'RHQ160', 'RIAGENDR']",LBXSHBG,
XGBRegressor,"{'learning_rate': 0.05, 'max_depth': 5, 'n_estimators': 100}",24.073504509573983,1265.961476896843,35.5803523998406,0.3778588485034955,"['BMXBMI', 'RIDAGEMN', 'LBDBMNSI', 'RIDEXPRG', 'LBDBPBSI', 'LBDBSESI', 'LBDTHGSI', 'LBDBCDSI', 'RHQ160', 'RIAGENDR', 'BMDSADCM']",LBXSHBG,
XGBRegressor,"{'learning_rate': 0.01, 'max_depth': 5, 'n_estimators': 500}",60.90027224880975,12787.71876323838,113.08279605332712,0.752350270759684,"['RIAGENDR', 'RIDAGEMN', 'RIDEXPRG', 'BMXBMI', 'LBDBMNSI', 'LBDBCDSI', 'LBDBSESI', 'LBDBPBSI', 'LBDTHGSI', 'DMDMARTL', 'RHQ160', 'BMDSADCM']",LBXTST,
XGBRegressor,"{'learning_rate': 0.01, 'max_depth': 3, 'n_estimators': 500}",21.5662843020596,2493.741704722242,49.937377831863,0.3351869465618589,"['RIDEXPRG', 'LBDBMNSI', 'RIDAGEMN', 'LBDBSESI', 'BMXBMI', 'LBDBCDSI', 'LBDTHGSI', 'LBDBPBSI', 'RHQ031', 'RHQ160', 'is_menopausal', 'RHQ200', 'RIAGENDR', 'BMDSADCM']",LBXEST,
XGBRegressor,"{'learning_rate': 0.05, 'max_depth': 3, 'n_estimators': 100}",21.53114580291076,2496.009855026455,49.96008261628933,0.3345822745035839,"['RIDEXPRG', 'LBDBMNSI', 'RIDAGEMN', 'LBDBSESI', 'BMXBMI', 'LBDBCDSI', 'LBDTHGSI', 'LBDBPBSI', 'RHQ031', 'RHQ160', 'is_menopausal', 'RHQ200', 'RIAGENDR', 'BMDSADCM']",LBXEST,
LGBMRegressor,"{'learning_rate': 0.05, 'max_depth': -1, 'n_estimators': 100, 'num_leaves': 31}",21.353938850832662,2570.015113383042,50.6953164837053,0.3148530211950499,"['RIDEXPRG', 'LBDBMNSI', 'RIDAGEMN', 'LBDBSESI', 'BMXBMI', 'LBDBCDSI', 'LBDTHGSI', 'LBDBPBSI', 'RHQ031', 'RHQ160', 'is_menopausal', 'RHQ200', 'RIAGENDR', 'BMDSADCM']",LBXEST,
RandomForestRegressor,"{'max_depth': 5, 'n_estimators': 100}",21.070625343936754,2498.36124548333,49.9836097684364,0.3339554112376329,"['RIDEXPRG', 'LBDBMNSI', 'RIDAGEMN', 'LBDBSESI', 'BMXBMI', 'LBDBCDSI', 'LBDTHGSI', 'LBDBPBSI', 'RHQ031', 'RHQ160', 'is_menopausal', 'RHQ200', 'RIAGENDR', 'BMDSADCM']",LBXEST,
XGBRegressor,"{'learning_rate': 0.05, 'max_depth': 3, 'n_estimators': 100}",21.53114580291076,2496.009855026455,49.96008261628933,0.3345822745035839,"['RIDEXPRG', 'LBDBMNSI', 'RIDAGEMN', 'LBDBSESI', 'BMXBMI', 'LBDBCDSI', 'LBDTHGSI', 'LBDBPBSI', 'RHQ031', 'RHQ160', 'is_menopausal', 'RHQ200', 'RIAGENDR', 'BMDSADCM']",LBXEST,
LGBMRegressor,"{'learning_rate': 0.05, 'max_depth': -1, 'n_estimators': 100, 'num_leaves': 31}",21.353938850832662,2570.015113383042,50.6953164837053,0.3148530211950499,"['RIDEXPRG', 'LBDBMNSI', 'RIDAGEMN', 'LBDBSESI', 'BMXBMI', 'LBDBCDSI', 'LBDTHGSI', 'LBDBPBSI', 'RHQ031', 'RHQ160', 'is_menopausal', 'RHQ200', 'RIAGENDR', 'BMDSADCM']",LBXEST,
RandomForestRegressor,"{'max_depth': 5, 'n_estimators': 100}",21.070625343936754,2498.3612454833296,49.98360976843639,0.333955411237633,"['RIDEXPRG', 'LBDBMNSI', 'RIDAGEMN', 'LBDBSESI', 'BMXBMI', 'LBDBCDSI', 'LBDTHGSI', 'LBDBPBSI', 'RHQ031', 'RHQ160', 'is_menopausal', 'RHQ200', 'RIAGENDR', 'BMDSADCM']",LBXEST,
GradientBoostingRegressor,"{'learning_rate': 0.05, 'max_depth': 3, 'n_estimators': 100}",21.678328047519425,2559.5771766371245,50.59226399991529,0.31763569775955,"['RIDEXPRG', 'LBDBMNSI', 'RIDAGEMN', 'LBDBSESI', 'BMXBMI', 'LBDBCDSI', 'LBDTHGSI', 'LBDBPBSI', 'RHQ031', 'RHQ160', 'is_menopausal', 'RHQ200', 'RIAGENDR', 'BMDSADCM']",LBXEST,
XGBRegressor,"{'learning_rate': 0.01, 'max_depth': 3, 'n_estimators': 500}",21.5662843020596,2493.741704722242,49.937377831863,0.3351869465618589,"['RIDEXPRG', 'LBDBMNSI', 'RIDAGEMN', 'LBDBSESI', 'BMXBMI', 'LBDBCDSI', 'LBDTHGSI', 'LBDBPBSI', 'RHQ031', 'RHQ160', 'is_menopausal', 'RHQ200', 'RIAGENDR', 'BMDSADCM']",LBXEST,
XGBRegressor,"{'learning_rate': 0.05, 'max_depth': 3, 'n_estimators': 100}",21.53114580291076,2496.009855026455,49.96008261628933,0.3345822745035839,"['RIDEXPRG', 'LBDBMNSI', 'RIDAGEMN', 'LBDBSESI', 'BMXBMI', 'LBDBCDSI', 'LBDTHGSI', 'LBDBPBSI', 'RHQ031', 'RHQ160', 'is_menopausal', 'RHQ200', 'RIAGENDR', 'BMDSADCM']",LBXEST,
LGBMRegressor,"{'learning_rate': 0.05, 'max_depth': -1, 'n_estimators': 100, 'num_leaves': 31}",21.353938850832662,2570.015113383042,50.6953164837053,0.3148530211950499,"['RIDEXPRG', 'LBDBMNSI', 'RIDAGEMN', 'LBDBSESI', 'BMXBMI', 'LBDBCDSI', 'LBDTHGSI', 'LBDBPBSI', 'RHQ031', 'RHQ160', 'is_menopausal', 'RHQ200', 'RIAGENDR', 'BMDSADCM']",LBXEST,
RandomForestRegressor,"{'max_depth': 5, 'n_estimators': 100}",21.070625343936754,2498.36124548333,49.9836097684364,0.3339554112376329,"['RIDEXPRG', 'LBDBMNSI', 'RIDAGEMN', 'LBDBSESI', 'BMXBMI', 'LBDBCDSI', 'LBDTHGSI', 'LBDBPBSI', 'RHQ031', 'RHQ160', 'is_menopausal', 'RHQ200', 'RIAGENDR', 'BMDSADCM']",LBXEST,
GradientBoostingRegressor,"{'learning_rate': 0.05, 'max_depth': 3, 'n_estimators': 100}",21.678328047519425,2559.5771766371245,50.59226399991529,0.31763569775955,"['RIDEXPRG', 'LBDBMNSI', 'RIDAGEMN', 'LBDBSESI', 'BMXBMI', 'LBDBCDSI', 'LBDTHGSI', 'LBDBPBSI', 'RHQ031', 'RHQ160', 'is_menopausal', 'RHQ200', 'RIAGENDR', 'BMDSADCM']",LBXEST,
SVR,"{'C': 1, 'kernel': 'linear'}",23.693420311122704,3244.5575299745165,56.96101763464656,0.1350250130262288,"['RIDEXPRG', 'LBDBMNSI', 'RIDAGEMN', 'LBDBSESI', 'BMXBMI', 'LBDBCDSI', 'LBDTHGSI', 'LBDBPBSI', 'RHQ031', 'RHQ160', 'is_menopausal', 'RHQ200', 'RIAGENDR', 'BMDSADCM']",LBXEST,
XGBRegressor,"{'learning_rate': 0.01, 'max_depth': 5, 'n_estimators': 500}",60.69928242795471,12679.961972832503,112.60533723066816,0.7544371120847009,"['RIDAGEMN', 'RIAGENDR', 'RIDEXPRG', 'BMXBMI', 'LBDBMNSI', 'LBDBSESI', 'LBDBCDSI', 'LBDBPBSI', 'LBDTHGSI', 'RHQ160', 'BMDSADCM']",LBXTST,
XGBRegressor,"{'learning_rate': 0.05, 'max_depth': 3, 'n_estimators': 100}",61.07904854679925,12879.127154379354,113.48624213700688,0.7505800360731477,"['RIDAGEMN', 'RIAGENDR', 'RIDEXPRG', 'BMXBMI', 'LBDBMNSI', 'LBDBSESI', 'LBDBCDSI', 'LBDBPBSI', 'LBDTHGSI', 'RHQ160', 'BMDSADCM']",LBXTST,
LGBMRegressor,"{'learning_rate': 0.05, 'max_depth': 10, 'n_estimators': 100, 'num_leaves': 64}",62.05414779241426,13703.345664807275,117.0612902064866,0.7346180420129467,"['RIDAGEMN', 'RIAGENDR', 'RIDEXPRG', 'BMXBMI', 'LBDBMNSI', 'LBDBSESI', 'LBDBCDSI', 'LBDBPBSI', 'LBDTHGSI', 'RHQ160', 'BMDSADCM']",LBXTST,
RandomForestRegressor,"{'max_depth': 5, 'n_estimators': 100}",59.57896038822777,12702.557300560917,112.70562231122685,0.7539995260775607,"['RIDAGEMN', 'RIAGENDR', 'RIDEXPRG', 'BMXBMI', 'LBDBMNSI', 'LBDBSESI', 'LBDBCDSI', 'LBDBPBSI', 'LBDTHGSI', 'RHQ160', 'BMDSADCM']",LBXTST,
GradientBoostingRegressor,"{'learning_rate': 0.05, 'max_depth': 5, 'n_estimators': 100}",61.4144256154225,12915.737842936822,113.6474277884758,0.7498710255548195,"['RIDAGEMN', 'RIAGENDR', 'RIDEXPRG', 'BMXBMI', 'LBDBMNSI', 'LBDBSESI', 'LBDBCDSI', 'LBDBPBSI', 'LBDTHGSI', 'RHQ160', 'BMDSADCM']",LBXTST,
XGBRegressor,"{'learning_rate': 0.05, 'max_depth': 5, 'n_estimators': 100}",24.073504509573983,1265.961476896843,35.5803523998406,0.3778588485034955,"['BMXBMI', 'RIDAGEMN', 'LBDBMNSI', 'RIDEXPRG', 'LBDBPBSI', 'LBDBSESI', 'LBDTHGSI', 'LBDBCDSI', 'RHQ160', 'RIAGENDR', 'BMDSADCM']",LBXSHBG,
XGBRegressor,"{'learning_rate': 0.1, 'max_depth': 3, 'n_estimators': 100}",24.28297142019102,1342.060719995186,36.63414691234376,0.3404608142084332,"['BMXBMI', 'RIDAGEMN', 'LBDBMNSI', 'RIDEXPRG', 'LBDBPBSI', 'LBDBSESI', 'LBDTHGSI', 'LBDBCDSI', 'RHQ160', 'RIAGENDR', 'BMDSADCM']",LBXSHBG,
LGBMRegressor,"{'learning_rate': 0.05, 'max_depth': 10, 'n_estimators': 100, 'num_leaves': 31}",24.69950373325686,1408.8290730703714,37.53437188858196,0.3076483307136405,"['BMXBMI', 'RIDAGEMN', 'LBDBMNSI', 'RIDEXPRG', 'LBDBPBSI', 'LBDBSESI', 'LBDTHGSI', 'LBDBCDSI', 'RHQ160', 'RIAGENDR', 'BMDSADCM']",LBXSHBG,
RandomForestRegressor,"{'max_depth': 10, 'n_estimators': 100}",24.551072458177728,1313.7614789347235,36.24584774749687,0.3543681271410429,"['BMXBMI', 'RIDAGEMN', 'LBDBMNSI', 'RIDEXPRG', 'LBDBPBSI', 'LBDBSESI', 'LBDTHGSI', 'LBDBCDSI', 'RHQ160', 'RIAGENDR', 'BMDSADCM']",LBXSHBG,
GradientBoostingRegressor,"{'learning_rate': 0.05, 'max_depth': 3, 'n_estimators': 300}",24.328276350826865,1345.3585142558022,36.67912913709651,0.338840153899142,"['BMXBMI', 'RIDAGEMN', 'LBDBMNSI', 'RIDEXPRG', 'LBDBPBSI', 'LBDBSESI', 'LBDTHGSI', 'LBDBCDSI', 'RHQ160', 'RIAGENDR', 'BMDSADCM']",LBXSHBG,
SVR,"{'C': 10, 'kernel': 'linear'}",26.56605063698504,1701.5534450622908,41.24989024303326,0.1637925490128015,"['BMXBMI', 'RIDAGEMN', 'LBDBMNSI', 'RIDEXPRG', 'LBDBPBSI', 'LBDBSESI', 'LBDTHGSI', 'LBDBCDSI', 'RHQ160', 'RIAGENDR', 'BMDSADCM']",LBXSHBG,
LinearRegression,{},27.94767926380748,1607.9704983363677,40.0995074575283,0.2097827337846294,"['BMXBMI', 'RIDAGEMN', 'LBDBMNSI', 'RIDEXPRG', 'LBDBPBSI', 'LBDBSESI', 'LBDTHGSI', 'LBDBCDSI', 'RHQ160', 'RIAGENDR', 'BMDSADCM']",LBXSHBG,
XGBRegressor,"{'learning_rate': 0.01, 'max_depth': 3, 'n_estimators': 500}",21.5662843020596,2493.741704722242,49.937377831863,0.3351869465618589,"['RIDEXPRG', 'LBDBMNSI', 'RIDAGEMN', 'LBDBSESI', 'BMXBMI', 'LBDBCDSI', 'LBDTHGSI', 'LBDBPBSI', 'RHQ031', 'RHQ160', 'is_menopausal', 'RHQ200', 'RIAGENDR', 'BMDSADCM']",LBXEST,
XGBRegressor,"{'learning_rate': 0.01, 'max_depth': 5, 'n_estimators': 500}",60.69928242795471,12679.961972832503,112.60533723066816,0.7544371120847009,"['RIDAGEMN', 'RIAGENDR', 'RIDEXPRG', 'BMXBMI', 'LBDBMNSI', 'LBDBSESI', 'LBDBCDSI', 'LBDBPBSI', 'LBDTHGSI', 'RHQ160', 'BMDSADCM']",LBXTST,
XGBRegressor,"{'learning_rate': 0.05, 'max_depth': 5, 'n_estimators': 100}",24.073504509573983,1265.961476896843,35.5803523998406,0.3778588485034955,"['BMXBMI', 'RIDAGEMN', 'LBDBMNSI', 'RIDEXPRG', 'LBDBPBSI', 'LBDBSESI', 'LBDTHGSI', 'LBDBCDSI', 'RHQ160', 'RIAGENDR', 'BMDSADCM']",LBXSHBG,
XGBRegressor,"{'learning_rate': 0.01, 'max_depth': 3, 'n_estimators': 500}",21.80057274053094,2562.24525719037,50.61862559562804,0.3169244072613949,"['RIDEXPRG', 'LBDBMNSI', 'RIDAGEMN', 'LBDBSESI', 'BMXBMI', 'LBDTHGSI', 'LBDBCDSI', 'LBDBPBSI', 'RHQ160', 'is_menopausal', 'RHQ200', 'RIAGENDR', 'BMDSADCM']",LBXEST,
XGBRegressor,"{'learning_rate': 0.01, 'max_depth': 3, 'n_estimators': 500}",21.5662843020596,2493.741704722242,49.937377831863,0.3351869465618589,"['RIDEXPRG', 'LBDBMNSI', 'RIDAGEMN', 'LBDBSESI', 'BMXBMI', 'LBDBCDSI', 'LBDTHGSI', 'LBDBPBSI', 'RHQ031', 'RHQ160', 'is_menopausal', 'RHQ200', 'RIAGENDR', 'BMDSADCM']",LBXEST,
XGBRegressor,"{'learning_rate': 0.01, 'max_depth': 5, 'n_estimators': 500}",60.69707177587063,12679.916575439434,112.60513565303953,0.7544379912604405,"['RIDAGEMN', 'RIAGENDR', 'RIDEXPRG', 'BMXBMI', 'LBDBMNSI', 'LBDBCDSI', 'LBDBSESI', 'LBDBPBSI', 'LBDTHGSI', 'RHQ160', 'BMDSADCM']",LBXTST,
XGBRegressor,"{'learning_rate': 0.05, 'max_depth': 5, 'n_estimators': 100}",24.073504509573983,1265.961476896843,35.5803523998406,0.3778588485034955,"['BMXBMI', 'RIDAGEMN', 'RIDEXPRG', 'LBDBMNSI', 'LBDBPBSI', 'LBDBSESI', 'LBDTHGSI', 'LBDBCDSI', 'RHQ160', 'RIAGENDR', 'BMDSADCM']",LBXSHBG,
XGBRegressor,"{'learning_rate': 0.01, 'max_depth': 3, 'n_estimators': 500}",21.550079400280644,2519.4989124920444,50.19461039287031,0.3283202658975956,"['RIDEXPRG', 'LBDBMNSI', 'RIDAGEMN', 'BMXBMI', 'LBDBSESI', 'LBDBCDSI', 'LBDTHGSI', 'LBDBPBSI', 'RHQ031', 'RHQ160', 'is_menopausal', 'RIAGENDR', 'BMDSADCM']",LBXEST,
XGBRegressor,"{'learning_rate': 0.01, 'max_depth': 3, 'n_estimators': 500}",21.550079400280644,2519.4989124920444,50.19461039287031,0.3283202658975956,"['RIDEXPRG', 'LBDBMNSI', 'RIDAGEMN', 'BMXBMI', 'LBDBSESI', 'LBDBCDSI', 'LBDTHGSI', 'LBDBPBSI', 'RHQ031', 'RHQ160', 'is_menopausal', 'RHQ305', 'RIAGENDR', 'BMDSADCM']",LBXEST,
XGBRegressor,"{'learning_rate': 0.05, 'max_depth': 3, 'n_estimators': 100}",21.82157157748157,2316.3831019868107,48.12881779128603,0.3388671452054599,"['RIDEXPRG', 'LBDBMNSI', 'LBDBSESI', 'BMXBMI', 'RIDAGEMN', 'LBDTHGSI', 'LBDBCDSI', 'LBDBPBSI', 'RHQ031', 'RHQ160', 'RHQ305', 'RIAGENDR', 'is_menopausal', 'BMDSADCM']",LBXEST,
XGBRegressor,"{'learning_rate': 0.1, 'max_depth': 7, 'n_estimators': 20}",22.553477648530187,2822.748467777997,53.12954420826512,0.5704356124237597,"['RIDEXPRG', 'BMXBMI', 'LBDBMNSI', 'LBDBCDSI', 'LBDBPBSI', 'RIDAGEMN', 'LBDBSESI', 'LBDTHGSI', 'RHQ031', 'RHQ160', 'RHQ305', 'RIAGENDR', 'is_menopausal', 'BMDSADCM']",LBXEST,
XGBRegressor,"{'learning_rate': 0.1, 'max_depth': 7, 'n_estimators': 20}",22.38855192798568,2790.5522959654427,52.82567837676524,0.5753352090349471,"['RIDEXPRG', 'BMXBMI', 'LBDBMNSI', 'LBDBCDSI', 'LBDBPBSI', 'RIDAGEMN', 'LBDTHGSI', 'LBDBSESI', 'RHQ031', 'RHQ160', 'RIAGENDR', 'is_menopausal', 'BMDSADCM']",LBXEST,
XGBRegressor,"{'learning_rate': 0.01, 'max_depth': 5, 'n_estimators': 500}",55.77462881214461,11414.786955088746,106.84000634167307,0.7848753101431378,"['RIDAGEMN', 'RIAGENDR', 'RIDEXPRG', 'BMXBMI', 'LBDBMNSI', 'LBDBSESI', 'LBDBCDSI', 'LBDBPBSI', 'LBDTHGSI', 'RHQ160', 'BMDSADCM']",LBXTST,
XGBRegressor,"{'learning_rate': 0.01, 'max_depth': 5, 'n_estimators': 500}",24.68276718129954,1340.4384093958402,36.61199816174802,0.4397151250042113,"['BMXBMI', 'RIDEXPRG', 'RIDAGEMN', 'LBDBMNSI', 'LBDBPBSI', 'LBDBSESI', 'LBDBCDSI', 'LBDTHGSI', 'RHQ160', 'RIAGENDR', 'BMDSADCM']",LBXSHBG,
XGBRegressor,"{'learning_rate': 0.1, 'max_depth': 7, 'n_estimators': 20}",23.6011850127608,3644.047217289032,60.365944184523705,0.5978721912127135,"['RIDEXPRG', 'BMXBMI', 'LBDBMNSI', 'LBDBPBSI', 'LBDBSESI', 'RIDAGEMN', 'LBDBCDSI', 'RHQ031', 'LBDTHGSI', 'RHQ160', 'is_menopausal', 'RIAGENDR', 'BMDSADCM']",LBXEST,
XGBRegressor,"{'learning_rate': 0.01, 'max_depth': 5, 'n_estimators': 500}",64.8006193833675,18461.15397680697,135.87182922448264,0.6837759912930168,"['RIAGENDR', 'RIDAGEMN', 'RIDEXPRG', 'BMXBMI', 'LBDBMNSI', 'LBDBSESI', 'LBDBCDSI', 'LBDBPBSI', 'LBDTHGSI', 'BMDSADCM', 'RHQ160']",LBXTST,
XGBRegressor,"{'learning_rate': 0.1, 'max_depth': 3, 'n_estimators': 100}",25.4682058159895,1471.345170072799,38.358117394794014,0.4028236499069733,"['BMXBMI', 'RIDEXPRG', 'RIDAGEMN', 'LBDBMNSI', 'LBDBPBSI', 'LBDBSESI', 'LBDBCDSI', 'LBDTHGSI', 'RHQ160', 'RIAGENDR', 'BMDSADCM']",LBXSHBG,
XGBRegressor,"{'learning_rate': 0.1, 'max_depth': 7, 'n_estimators': 20}",23.6011850127608,3644.047217289032,60.365944184523705,0.5978721912127135,"['RIDEXPRG', 'BMXBMI', 'LBDBMNSI', 'LBDBPBSI', 'LBDBSESI', 'RIDAGEMN', 'LBDBCDSI', 'RHQ031', 'LBDTHGSI', 'RHQ160', 'is_menopausal', 'RIAGENDR', 'BMDSADCM']",LBXEST,
XGBRegressor,"{'learning_rate': 0.01, 'max_depth': 5, 'n_estimators': 500}",64.8006193833675,18461.15397680697,135.87182922448264,0.6837759912930168,"['RIAGENDR', 'RIDAGEMN', 'RIDEXPRG', 'BMXBMI', 'LBDBMNSI', 'LBDBSESI', 'LBDBCDSI', 'LBDBPBSI', 'LBDTHGSI', 'BMDSADCM', 'RHQ160']",LBXTST,
XGBRegressor,"{'learning_rate': 0.1, 'max_depth': 3, 'n_estimators': 100}",25.4682058159895,1471.345170072799,38.358117394794014,0.4028236499069733,"['BMXBMI', 'RIDEXPRG', 'RIDAGEMN', 'LBDBMNSI', 'LBDBPBSI', 'LBDBSESI', 'LBDBCDSI', 'LBDTHGSI', 'RHQ160', 'RIAGENDR', 'BMDSADCM']",LBXSHBG,
XGBRegressor,"{'learning_rate': 0.1, 'max_depth': 7, 'n_estimators': 20}",23.6011850127608,3644.047217289032,60.365944184523705,0.5978721912127135,"['RIDEXPRG', 'BMXBMI', 'LBDBMNSI', 'LBDBPBSI', 'LBDBSESI', 'RIDAGEMN', 'LBDBCDSI', 'RHQ031', 'LBDTHGSI', 'RHQ160', 'is_menopausal', 'RIAGENDR', 'BMDSADCM']",LBXEST,
XGBRegressor,"{'learning_rate': 0.1, 'max_depth': 7, 'n_estimators': 20}",22.38855192798568,2790.5522959654427,52.82567837676524,0.5753352090349471,"['RIDEXPRG', 'BMXBMI', 'LBDBMNSI', 'LBDBCDSI', 'LBDBPBSI', 'RIDAGEMN', 'LBDTHGSI', 'LBDBSESI', 'RHQ031', 'RHQ160', 'RIAGENDR', 'is_menopausal', 'BMDSADCM']",LBXEST,
XGBRegressor,"{'learning_rate': 0.05, 'max_depth': 5, 'n_estimators': 100}",21.50199644863826,3403.318740872382,58.33796997558607,0.2223463236125364,"['RIDEXPRG', 'BMXBMI', 'LBDBMNSI', 'LBDBPBSI', 'LBDTHGSI', 'RIDAGEMN', 'LBDBSESI', 'LBDBCDSI', 'RHQ160', 'RHQ031', 'is_menopausal', 'RIAGENDR', 'BMDSADCM']",LBXEST,
XGBRegressor,"{'learning_rate': 0.1, 'max_depth': 7, 'n_estimators': 20}",22.38855192798568,2790.5522959654427,52.82567837676524,0.5753352090349471,"['RIDEXPRG', 'BMXBMI', 'LBDBMNSI', 'LBDBCDSI', 'LBDBPBSI', 'RIDAGEMN', 'LBDTHGSI', 'LBDBSESI', 'RHQ031', 'RHQ160', 'RIAGENDR', 'is_menopausal', 'BMDSADCM']",LBXEST,
XGBRegressor,"{'learning_rate': 0.01, 'max_depth': 5, 'n_estimators': 500}",55.77462881214461,11414.786955088746,106.84000634167307,0.7848753101431378,"['RIDAGEMN', 'RIAGENDR', 'RIDEXPRG', 'BMXBMI', 'LBDBMNSI', 'LBDBSESI', 'LBDBCDSI', 'LBDBPBSI', 'LBDTHGSI', 'RHQ160', 'BMDSADCM']",LBXTST,
XGBRegressor,"{'learning_rate': 0.01, 'max_depth': 5, 'n_estimators': 500}",25.71986628288841,1676.0806350675252,40.9399637892796,0.3223069241756543,"['BMXBMI', 'RIDEXPRG', 'RIDAGEMN', 'LBDBMNSI', 'LBDBSESI', 'LBDBPBSI', 'LBDTHGSI', 'LBDBCDSI', 'RHQ160', 'RIAGENDR', 'BMDSADCM']",LBXSHBG,
XGBRegressor,"{'learning_rate': 0.01, 'max_depth': 5, 'n_estimators': 500}",25.576110764228403,1658.5345774491286,40.72510991328481,0.1686980056569542,"['BMXBMI', 'RIDEXPRG', 'RIDAGEMN', 'LBDBMNSI', 'LBDBSESI', 'LBDBPBSI', 'LBDBCDSI', 'LBDTHGSI', 'RHQ160', 'RIAGENDR', 'BMDSADCM']",LBXSHBG,
XGBRegressor,"{'learning_rate': 0.05, 'max_depth': 5, 'n_estimators': 100}",22.718388755740097,1000.1314612405776,31.624855118096235,0.4483502308008203,"['BMXBMI', 'RIDAGEMN', 'LBDBMNSI', 'RIDEXPRG', 'LBDBPBSI', 'LBDBSESI', 'LBDTHGSI', 'LBDBCDSI', 'RHQ160', 'RIAGENDR', 'BMDSADCM']",LBXSHBG,
XGBRegressor,"{'learning_rate': 0.1, 'max_depth': 7, 'n_estimators': 20}",22.399637428820576,2791.3583100008204,52.83330682439649,0.5752125502400041,"['RIDEXPRG', 'BMXBMI', 'LBDBMNSI', 'LBDBCDSI', 'RIDAGEMN', 'LBDBPBSI', 'LBDTHGSI', 'LBDBSESI', 'RHQ031', 'RHQ160', 'is_menopausal', 'RIAGENDR', 'BMDSADCM']",LBXEST,
XGBRegressor,"{'learning_rate': 0.1, 'max_depth': 7, 'n_estimators': 20}",22.38855192798568,2790.5522959654427,52.82567837676524,0.5753352090349471,"['RIDEXPRG', 'BMXBMI', 'LBDBMNSI', 'LBDBCDSI', 'LBDBPBSI', 'RIDAGEMN', 'LBDTHGSI', 'LBDBSESI', 'RHQ031', 'RHQ160', 'is_menopausal', 'RIAGENDR']",LBXEST,
XGBRegressor,"{'learning_rate': 0.01, 'max_depth': 5, 'n_estimators': 500}",55.71237099284575,11408.646693259914,106.81126669626155,0.7849910303862544,"['RIDAGEMN', 'RIDEXPRG', 'RIAGENDR', 'BMXBMI', 'LBDBMNSI', 'LBDBSESI', 'LBDBCDSI', 'LBDBPBSI', 'LBDTHGSI', 'RHQ160']",LBXTST,
XGBRegressor,"{'learning_rate': 0.05, 'max_depth': 5, 'n_estimators': 100}",22.71188398831977,999.8853001177667,31.620962985300856,0.448486007678008,"['BMXBMI', 'RIDAGEMN', 'LBDBMNSI', 'RIDEXPRG', 'LBDBPBSI', 'LBDBSESI', 'LBDBCDSI', 'LBDTHGSI', 'RHQ160', 'RIAGENDR']",LBXSHBG,
XGBRegressor,"{'learning_rate': 0.1, 'max_depth': 7, 'n_estimators': 20}",22.38855192798568,2790.5522959654427,52.82567837676524,0.5753352090349471,"['RIDEXPRG', 'BMXBMI', 'LBDBMNSI', 'LBDBCDSI', 'LBDBPBSI', 'RIDAGEMN', 'LBDTHGSI', 'LBDBSESI', 'RHQ031', 'RHQ160', 'is_menopausal', 'RIAGENDR']",LBXEST,
XGBRegressor,"{'learning_rate': 0.1, 'max_depth': 7, 'n_estimators': 20}",22.50150546287725,2864.732776568981,53.52319848971081,0.5640464622392916,"['RIDEXPRG', 'BMXBMI', 'LBDBMNSI', 'LBDBCDSI', 'LBDBPBSI', 'RIDAGEMN', 'LBDBSESI', 'LBDTHGSI', 'RHQ031', 'RHQ131', 'is_menopausal']",LBXEST,
XGBRegressor,"{'learning_rate': 0.1, 'max_depth': 7, 'n_estimators': 20}",22.50150546287725,2864.732776568981,53.52319848971081,0.5640464622392916,"['RIDEXPRG', 'BMXBMI', 'LBDBMNSI', 'LBDBCDSI', 'LBDBPBSI', 'RIDAGEMN', 'LBDBSESI', 'LBDTHGSI', 'RHQ031', 'RHQ131', 'is_menopausal']",LBXEST,
XGBRegressor,"{'learning_rate': 0.01, 'max_depth': 5, 'n_estimators': 500}",55.5333703671924,11405.573264060416,106.79687853144593,0.7850489526677601,"['RIDAGEMN', 'RIAGENDR', 'RIDEXPRG', 'BMXBMI', 'LBDBMNSI', 'LBDBSESI', 'LBDBCDSI', 'LBDBPBSI', 'LBDTHGSI', 'RHQ131']",LBXTST,
XGBRegressor,"{'learning_rate': 0.01, 'max_depth': 5, 'n_estimators': 500}",22.640365328121423,996.9503620749284,31.57452077348013,0.4501048527565713,"['BMXBMI', 'RIDAGEMN', 'LBDBMNSI', 'RIDEXPRG', 'LBDBPBSI', 'LBDBSESI', 'LBDBCDSI', 'LBDTHGSI', 'RIAGENDR', 'RHQ131']",LBXSHBG,
XGBRegressor,"{'learning_rate': 0.05, 'max_depth': 3, 'n_estimators': 20}",27.71954568276111,3475.655785625513,58.95469265143796,0.4710765177907228,"['RIDEXPRG', 'BMXBMI', 'LBDBMNSI', 'LBDBCDSI', 'LBDBPBSI', 'LBDBSESI', 'RIDAGEMN', 'LBDTHGSI', 'RHQ031', 'RHQ131', 'is_menopausal']",LBXEST,
XGBRegressor,"{'learning_rate': 0.05, 'max_depth': 3, 'n_estimators': 20}",92.21355892526492,18405.71144340447,135.6676506887492,0.6531233581988038,"['RIDAGEMN', 'RIAGENDR', 'RIDEXPRG', 'BMXBMI', 'LBDBMNSI', 'LBDBSESI', 'LBDBCDSI', 'LBDBPBSI', 'LBDTHGSI', 'RHQ131']",LBXTST,
XGBRegressor,"{'learning_rate': 0.05, 'max_depth': 3, 'n_estimators': 20}",26.62931202585157,1245.2126253288798,35.28757040841548,0.3131690342842389,"['BMXBMI', 'RIDAGEMN', 'LBDBMNSI', 'RIDEXPRG', 'LBDBPBSI', 'LBDBSESI', 'LBDBCDSI', 'LBDTHGSI', 'RIAGENDR', 'RHQ131']",LBXSHBG,
XGBRegressor,"{'learning_rate': 0.05, 'max_depth': 3, 'n_estimators': 20}",27.720254976267874,3475.6693807937963,58.95480795315847,0.4710744488851138,"['RIDEXPRG', 'BMXBMI', 'LBDBMNSI', 'LBDBCDSI', 'LBDBPBSI', 'RIDAGEMN', 'LBDBSESI', 'LBDTHGSI', 'RHQ031', 'RHQ131', 'is_menopausal']",LBXEST,
XGBRegressor,"{'learning_rate': 0.05, 'max_depth': 3, 'n_estimators': 20}",27.71954568276111,3475.655785625513,58.95469265143796,0.4710765177907228,"['RIDEXPRG', 'BMXBMI', 'LBDBMNSI', 'LBDBCDSI', 'LBDBPBSI', 'LBDBSESI', 'RIDAGEMN', 'LBDTHGSI', 'RHQ031', 'RHQ131', 'is_menopausal']",LBXEST,
XGBRegressor,"{'learning_rate': 0.05, 'max_depth': 3, 'n_estimators': 20}",27.71954568276111,3475.655785625513,58.95469265143796,0.4710765177907228,"['RIDEXPRG', 'BMXBMI', 'LBDBMNSI', 'LBDBCDSI', 'LBDTHGSI', 'RIDAGEMN', 'LBDBSESI', 'LBDBPBSI', 'RHQ031', 'RHQ131', 'is_menopausal', 'RIAGENDR']",LBXEST,
